user,mov_fav
0,Blue Exorcist: The Movie
0,Fandango
0,Anastasia
0,Robot & Frank
0,Patton Oswalt: Tragedy Plus Comedy Equals Time
0,"Stand, The"
1,"Cheap Detective, The"
1,Get Him to the Greek
1,Notes on a Scandal
1,Take This Job and Shove It
2,Tomb Raider
2,The Hunger Games: Catching Fire
2,Flight
2,Take the Money and Run
2,Fletch
2,"Italian Job, The"
2,Aladdin and the King of Thieves
3,Attack of the 50 Foot Woman
3,What's Love Got to Do with It?
3,Captain Corelli's Mandolin
3,Mr. Smith Goes to Washington
3,Journey to the Center of the Earth
3,Agent Cody Banks
4,Rubber
4,Howling II: Your Sister Is a Werewolf
4,Entrapment
5,Someone to Watch Over Me
6,Jesus Christ Superstar
6,Snow Falling on Cedars
6,Jawbreaker
6,Captains Courageous
6,Mountains of the Moon
6,"Babadook, The"
6,Kung Fu Panda 3
6,"Very Brady Sequel, A"
7,"Haunted World of Edward D. Wood Jr., The"
7,"Departed, The"
7,Mr. Nanny
7,"Human Stain, The"
7,Best in Show
7,Bill Burr: You People Are All the Same
7,"Dam Busters, The"
7,Strangers with Candy
8,Drive Hard
8,Tucker: The Man and His Dream
8,Rabbit Hole
8,Perfect Blue
8,Jupiter's Wife
8,Free Willy 2: The Adventure Home
9,"Pelican Brief, The"
9,Hot Rod
9,It Could Happen to You
9,Super 8
9,Dad's Army
9,Yogi Bear
10,Z
10,Super Troopers
10,"Chronicles of Narnia: The Lion, the Witch and the Wardrobe, The"
10,Jiro Dreams of Sushi
10,"Fall, The"
10,"Onion Movie, The"
10,Sons of the Desert
11,"Last Unicorn, The"
11,"Sacrament, The"
13,Black Snake Moan
13,Hercules
14,Tales from the Crypt Presents: Bordello of Blood
14,Bed of Roses
14,Forget Paris
14,Moana
14,Finding Dory
14,Ricky Gervais Live: Animals
14,"Thrill of It All, The"
15,Kickboxer
15,Special
15,Big Bully
15,Gypsy
15,Manic
15,"Long Goodbye, The"
16,When Worlds Collide
16,Snowden
16,Secretariat
17,Harvey
17,Dante's Inferno: An Animated Epic
17,Spartan
17,"Caine Mutiny, The"
17,Shallow Grave
17,Sharknado 4: The 4th Awakens
17,Kickin It Old Skool
18,Ace Ventura: When Nature Calls
18,Theremin: An Electronic Odyssey
18,Arthur 2: On the Rocks
18,Horrible Bosses
18,Basic Instinct 2
18,X-Men: Days of Future Past
18,Surf Nazis Must Die
18,Django Unchained
20,Twister
20,Bread and Roses
20,Zack and Miri Make a Porno
20,Peaceful Warrior
20,Me Myself I
20,96 Minutes 
20,Heidi Fleiss: Hollywood Madam
21,Frosty the Snowman
21,I.Q.
21,Flight of the Phoenix
21,Prizzi's Honor
21,Captain America: Civil War
22,Down to Earth
23,Paperman
23,"Punisher, The"
24,Two for the Money
24,Ethel & Ernest
24,Beat Street
24,Walk Hard: The Dewey Cox Story
24,Mackenna's Gold
24,Ready to Rumble
25,Quest for Camelot
26,Cyrano de Bergerac
26,"Internet's Own Boy: The Story of Aaron Swartz, The"
26,Paint Your Wagon
26,"I, Robot"
26,Bright Star
26,"Purge: Anarchy, The"
26,Original Sin
26,Little Nicky
27,Maniac Cop 2
27,Priest
27,"Man from Elysian Fields, The"
27,Sabrina
27,"Librarian: Quest for the Spear, The"
27,Fly Away Home
27,South Park: Imaginationland
28,Daredevil
28,28 Up
28,Dracula: Dead and Loving It
28,Collateral
29,Why We Fight
31,Major League: Back to the Minors
31,Wild Tales
31,Mission to Mars
31,"Best Exotic Marigold Hotel, The"
31,Anaconda
32,Lockout
32,Sex and the City
32,"Bug's Life, A"
32,"Godfather: Part II, The"
32,Nick Fury: Agent of S.H.I.E.L.D.
32,"War, The"
32,Matchstick Men
33,Albino Alligator
33,Cube Zero
33,Mr. Brooks
33,Don't Look Now
34,Fierce Creatures
34,Silk Stockings
34,Time Code
34,My Bodyguard
35,The Raid: Redemption
35,Matinee
35,Carnage
35,I'll Be Home For Christmas
36,Copycat
36,"Cheap Detective, The"
36,Porky's II: The Next Day
36,The Accountant
36,Planet 51
36,Enough Said
36,AVP: Alien vs. Predator
36,Apollo 13
37,Bad Karma
37,Men of Honor
37,Nothing
37,Gone Fishin'
38,"Black Cauldron, The"
39,Inspector Gadget
39,"Mist, The"
40,Star Trek: Generations
40,Lost in La Mancha
40,Bebe's Kids
41,Rock-A-Doodle
42,Memoirs of a Geisha
42,I Know What You Did Last Summer
42,"Chronicles of Narnia: Prince Caspian, The"
43,Bad Taste
44,Leaving Las Vegas
44,Hereafter
44,Carpool
44,"Delta Force, The"
44,Foxfire
44,"Pursuit of Happyness, The"
44,Journeys with George
45,Music From Another Room
45,"Slammin' Salmon, The"
45,Radio Days
46,Boys Life
46,Julia
46,Slaughterhouse-Five
46,Almost Heroes
46,"Powerpuff Girls, The"
46,Sweeney Todd
46,Christine
46,"Fast, Cheap & Out of Control"
47,Those Magnificent Men in Their Flying Machines
47,Wisdom
48,High Spirits
48,Libre et assoupi
48,Bubble Boy
48,"Man Who Knew Too Much, The"
48,Fatal Instinct
48,Glitter
48,"Cat's Meow, The"
49,Jumanji: Welcome to the Jungle
49,"Object of My Affection, The"
49,We Need to Talk About Kevin
49,Cherish
49,Louis C.K.: Live at The Comedy Store
50,Water
51,Jobs
51,"Computer Wore Tennis Shoes, The"
51,"Day of the Locust, The"
51,"Nightmare on Elm Street, A"
51,Tuck Everlasting
51,"Terminal, The"
51,Laurel Canyon
51,Guarding Tess
52,Grumpier Old Men
52,"Wedding Singer, The"
52,Fright Night
52,Eight Below
52,Bad News Bears
52,Last of the Dogmen
52,John Mulaney: The Comeback Kid
53,Tooth Fairy 2
53,"Nightmare on Elm Street 3: Dream Warriors, A"
53,"Wizard of Oz, The"
53,Bloodsport III
53,"Little Princess, The"
53,Barton Fink
53,Reign of Fire
53,"Forgotten, The"
54,Krampus
54,Problem Child 2
54,Won't You Be My Neighbor?
54,Salt
54,World of Tomorrow
54,The Secret Life of Pets
56,December Boys
56,Taxi 3
56,Get Out
56,"New York, New York"
57,Alien: Resurrection
57,"Paradine Case, The"
58,Collision Course
58,Starship Troopers 2: Hero of the Federation
58,Campus Man
59,"Doctor Who: The Doctor, the Widow and the Wardrobe"
59,Cornered!
59,Creep 2
59,Blue Juice
59,"Scalphunters, The"
59,"Guest, The"
59,Electroma
60,Solas
60,Walk Hard: The Dewey Cox Story
61,Get Smart
61,Coal Miner's Daughter
62,Robots
62,"Oh, God!"
62,"Way Back, The"
62,"Hitchhiker's Guide to the Galaxy, The"
62,Stanley Kubrick: A Life in Pictures
62,Maverick
62,Condorman
62,"Notorious Bettie Page, The"
63,Captains Courageous
63,Sliver
63,We Bought a Zoo
63,My Tutor
63,Stealth
64,Here on Earth
64,This Island Earth
64,Chris Rock: Bigger & Blacker
64,"Civil Action, A"
64,"What Happened, Miss Simone?"
64,Girls About Town
64,Hulk
65,Mad City
65,Murder by Death
65,Scary Movie
65,Red Dawn
65,"Hush... Hush, Sweet Charlotte"
65,Johnny Handsome
66,"Gate, The"
66,Last Days
66,Death Wish 5: The Face of Death
66,Paris Is Burning
66,They Might Be Giants
66,Victor/Victoria
66,Love Affair
68,Walking and Talking
68,Pinocchio
68,Plunkett & MaCleane
68,"Unsinkable Molly Brown, The"
68,Erik the Viking
68,"Girl Next Door, The"
70,Embrace of the Serpent
70,Knock Knock
70,Major League
70,Tangled
70,Helvetica
71,Anna Karenina
71,"Education, An"
71,Cradle Will Rock
71,"Guardian, The"
71,"January Man, The"
71,Despicable Me 2
71,"Oh, Hello: On Broadway"
72,Mr. Blandings Builds His Dream House
72,Mouse Hunt
72,Piglet's Big Movie
72,"Lords of Salem, The"
72,"Guardian, The"
72,Rules of Engagement
72,"Philadelphia Experiment, The"
73,"Country Girl, The"
73,Con Air
73,Ultimate Avengers
73,Winnie the Pooh Goes Visiting
73,Pekka ja Pätkä salapoliiseina
73,Geronimo: An American Legend
73,Mozart and the Whale
73,"Public Enemy, The"
74,Samsara
74,Grand Theft Parsons
74,Rush
74,"Big One, The"
74,"Final Countdown, The"
74,"Pretty One, The"
74,"Four Musketeers, The"
74,The Forgotten Space
75,Solo: A Star Wars Story
75,Death Wish
75,"Last Emperor, The"
75,Merci Patron !
75,Surf's Up
75,61*
75,Brother Bear
76,Kingdom of Heaven
76,"Third Miracle, The"
76,"Dana Carvey: Straight White Male, 60"
76,"Yes Men Fix the World, The"
76,Flowers for Algernon
76,"Rocketeer, The"
76,Albino Alligator
77,Dance of the Dead
77,Short Cuts
77,Attack of the 50 Foot Woman
77,"Lone Ranger, The"
77,"Roaring Twenties, The"
77,"Dark Knight, The"
78,Season of the Witch
78,Liquid Truth
78,Problem Child
78,Love Live! The School Idol Movie
78,Hostel: Part II
78,Solo
78,"6th Day, The"
80,Akira
80,Craig Ferguson: I'm Here To Help
80,Cocoon: The Return
80,Lone Star
81,Spy
81,Under the Sand
81,Inception
82,To Catch a Thief
82,Howard the Duck
82,"Emperor's New Groove, The"
83,Spy Hard
83,Secret Agent
83,Moonlight Mile
83,Fantastic Mr. Fox
83,Kangaroo Jack
83,Uncle Nino
83,Primeval
84,Being Elmo: A Puppeteer's Journey
84,New Year's Eve
84,Tora! Tora! Tora!
84,Ran
84,When Worlds Collide
84,Blue in the Face
85,The Magic Ring
85,Tilt
85,Hart's War
85,Raise the Titanic
85,Born to Kill
85,Death Wish 5: The Face of Death
85,"Jungle Book, The"
86,Mephisto
86,Elizabeth
86,21 Up
86,Making a Murderer
86,Wide Awake
86,No Such Thing
86,You Don't Mess with the Zohan
86,By the Gun
87,Pink Flamingos
87,"Dead Zone, The"
87,Trevor Noah: African American
87,Suspect Zero
87,Patlabor 2: The Movie
89,"Letter to Three Wives, A"
89,Buddy
90,Return with Honor
90,"People Under the Stairs, The"
90,Play the Game
90,Gods and Generals
90,American Outlaws
90,Munna bhai M.B.B.S.
91,Prison Break: The Final Break
91,Dragonheart
91,Monster in a Box
91,Stakeout
91,Eight Men Out
91,Under the Rainbow
91,Cats Don't Dance
91,"American Tail: Fievel Goes West, An"
91,Ed
92,Taxi
92,Mars Needs Moms
92,Diner
92,The Blue Lagoon
92,Cutter's Way
92,Arlington Road
93,Grindhouse
93,Housesitter
93,Heima
93,Over the Hedge
93,Species II
93,People I Know
94,La cravate
95,Bill Burr: Why Do I Do This?
95,Natural Born Killers
95,Dr. Phibes Rises Again
95,Ghost World
96,Our Family Wedding
96,Salvador
96,True Crime
96,Gray's Anatomy
96,Against the Ropes
96,"Bridges of Madison County, The"
96,How Do You Know
96,Otello
97,Kama Sutra: A Tale of Love
97,Dave Chappelle: Killin' Them Softly
97,Texas Chainsaw 3D
98,Rear Window
98,Doctor Who: The Runaway Bride
98,"Ring, The"
98,Secret in Their Eyes
98,Julia
98,"Double Life, A"
98,"Loved Ones, The"
99,"Wicker Man, The"
100,Teaching Mrs. Tingle
100,Love Is a Many-Splendored Thing
100,Whip It
100,Varsity Blues
101,Star Trek IV: The Voyage Home
101,As Good as It Gets
103,"Brothers Bloom, The"
103,Titanic
103,"First Wives Club, The"
103,"Meteor Man, The"
105,Galaxy Quest
105,"Barefoot Contessa, The"
105,Undisputed II: Last Man Standing
105,Child's Play 2
105,Blood Beach
105,I Remember Mama
105,Nine Months
106,Frost/Nixon
106,Mistress America
106,"Lost World: Jurassic Park, The"
106,Monkey Business
106,U-571
106,Any Given Sunday
106,"Taking of Pelham One Two Three, The"
106,Incident at Loch Ness
107,We're No Angels
107,G-Force
107,Reckless Kelly
107,Take This Job and Shove It
107,We Need to Talk About Kevin
107,Running Scared
109,Oliver & Company
109,"Americanization of Emily, The"
109,Wild China
109,All Over the Guy
109,Evelyn
109,Encounters at the End of the World
109,Blind Fury
110,Porky's Hare Hunt
110,Phantom Thread
110,The Fundamentals of Caring
110,"Longest Day, The"
110,Scream 2
110,"Great Escape, The"
110,All Good Things
111,Time After Time
111,Dark Victory
111,All About Eve
111,Murder by Numbers
111,Ernest Rides Again
111,Hide and Seek
111,Daughters of the Dust
111,"Double Life, A"
112,The Hunger Games
112,Rumor Has It...
112,Band of Brothers
112,Monday
112,Foreign Correspondent
112,No Small Affair
112,Carnosaur 3: Primal Species
112,Captain America II: Death Too Soon
112,Jingle All the Way
113,"Grudge, The"
113,"Relic, The"
113,Delirious
113,"Brood, The"
113,Road Trip
113,East of Eden
113,Sling Blade
114,La Cérémonie
114,This So-Called Disaster
114,Monster-in-Law
114,Bent
115,Black Swan
115,Johnny Mnemonic
115,"Jolson Story, The"
115,May
115,"Girl Next Door, The"
116,Everyone Says I Love You
116,Thelma & Louise
116,Freeway
116,"Little Rascals, The"
116,Zeitgeist: The Movie
116,The Hunger
117,"Front Page, The"
117,Prime
118,Sing
118,Penn & Teller Get Killed
118,"African Queen, The"
118,Hope and Glory
118,Logan Lucky
118,Ballistic: Ecks vs. Sever
118,Tomcats
118,Stuart Little 2
118,Pusher II: With Blood on My Hands
119,My Son the Fanatic
119,Hopscotch
120,Phantasm III: Lord of the Dead
120,Jonah Hex
120,Fellini Satyricon
120,Living in Oblivion
120,Carrie
120,Ratchet & Clank
120,"Big Short, The"
120,Little Voice
121,"Filth and the Fury, The"
121,"New York, I Love You"
121,"Karate Kid, The"
121,War of the Worlds
121,"Portrait of a Lady, The"
122,"Inconvenient Truth, An"
123,The Boss Baby
123,Murder on the Orient Express
123,I Still Know What You Did Last Summer
124,U-571
124,"Yours, Mine and Ours"
124,"Wedding Date, The"
124,Blink
126,"Honest Liar, An"
126,"Punisher, The"
126,After the Thin Man
127,Around the World in 80 Days
127,The D Train
127,The Editor
127,"Marine, The"
127,Mulholland Falls
127,We Are Marshall
127,Fitzcarraldo
127,Afflicted
128,Mo' Money
128,Local Hero
128,"Corporation, The"
128,Overnight Delivery
128,The Clapper
128,John Dies at the End
129,Beer League
129,Bad Words
129,She's the Man
130,"Kid, The"
130,Psycho
130,Strangers on a Train
130,"Eye for an Eye, An"
130,Prometheus
130,Arthur Christmas
130,"Funny Thing Happened on the Way to the Forum, A"
131,Two Night Stand
131,Headshot
131,"Rock, The"
131,"Big Bounce, The"
131,I Spit on Your Grave
131,Fred Armisen: Standup for Drummers
132,Dr. Strangelove or: How I Learned to Stop Worrying and Love the Bomb
132,Eddie
132,"Shop Around the Corner, The"
132,"Mosquito Coast, The"
133,Love Serenade
133,Tron: Legacy
133,When Harry Met Sally...
134,"Ides of March, The"
134,Tenacious D in The Pick of Destiny
134,"Gods Must Be Crazy II, The"
134,Standoff
135,Let's Get Harry
135,East is East
135,"Times of Harvey Milk, The"
135,Hope Springs
135,Madame Bovary
135,Strictly Sexual
135,Ewoks: The Battle for Endor
135,Secret Society
137,"Hobbit: The Desolation of Smaug, The"
137,High Anxiety
137,"Emperor's New Groove, The"
137,Maggie
137,Who Killed the Electric Car?
138,Live Free or Die Hard
138,Sister Act
138,Two for the Money
138,Ewoks: The Battle for Endor
139,Without a Paddle
139,High School High
139,"Secret Agent, The"
139,"Union: The Business Behind Getting High, The"
139,"Whole Wide World, The"
139,Jackass Presents: Bad Grandpa
139,How High
140,Stakeout
140,Lions For Lambs
140,Wiener-Dog
140,Scenes from the Class Struggle in Beverly Hills
140,Two Mules for Sister Sara
140,La vérité si je mens !
140,Monday
140,"Human Stain, The"
140,By the Gun
141,Tangled
141,Enough Said
141,"Hip Hop Witch, Da"
141,Mute Witness
141,Sherlock Holmes: Terror by Night
142,Capote
142,Get Carter
142,"Three Musketeers, The"
142,Touch of Evil
142,Junior and Karlson
145,"Fighting Temptations, The"
145,Rain Man
145,Made of Honor
145,Friday the 13th Part IV: The Final Chapter
145,Radio Day
145,The Rocky Horror Picture Show: Let's Do the Time Warp Again
145,Saw VI
145,Money Train
145,September
146,Girls Just Want to Have Fun
146,Gunner Palace
147,"Kid Stays in the Picture, The"
148,Touki Bouki
148,Final Flight of the Osiris
148,Rose Red
148,La Cérémonie
148,Mystic Pizza
148,Suffragette
148,Under the Rainbow
148,"Purge: Anarchy, The"
148,Return to Oz
149,Die Frauen von Ravensbrück
149,Cadillac Man
149,Cave of Forgotten Dreams
150,"Daytrippers, The"
150,Reservoir Dogs
152,Ararat
152,"Nightmare on Elm Street 5: The Dream Child, A"
152,Fantastic Beasts and Where to Find Them
152,"Black Hole, The"
152,My Cousin Vinny
152,Sisters
152,Before We Go
152,First Position
155,"One, Two, Three"
155,Firewalker
155,"Whole Wide World, The"
155,Ace Ventura: When Nature Calls
155,Big Bully
156,Grey Gardens
156,Happy Birthday to Me
156,Slap Shot
156,Garden State
156,Three Fugitives
156,Carol
157,Pinocchio
157,Jurassic Park III
157,"Adventures of Ford Fairlane, The"
157,Indestructible Man
157,Generation P
157,My Scientology Movie
157,About Schmidt
157,Drugstore Cowboy
157,"Power of One, The"
158,Cars 3
158,Love and Basketball
158,"Day at the Races, A"
158,"Black Stallion Returns, The"
159,"Lookout, The"
159,"Big One, The"
159,Rapture-Palooza
159,"Harmonists, The"
159,Cold Comfort Farm
159,Texas Rangers
159,"Watcher, The"
160,Gettysburg
160,"Last Song, The"
160,More American Graffiti
160,Wicked Blood
160,Nothing in Common
160,"Thing, The"
162,Taps
162,"Atomic Brain, The"
162,"Hoax, The"
162,"Prince of Egypt, The"
162,Monty Python Live at the Hollywood Bowl
162,"Iron Giant, The"
162,"Simpsons Movie, The"
163,Kiss of the Spider Woman
164,Batman: The Killing Joke
164,"Thing: Terror Takes Shape, The"
164,Seven Up!
164,"Hobbit: An Unexpected Journey, The"
164,"Substitute, The"
167,Caligula
167,My Architect: A Son's Journey
168,Regret to Inform
168,"Hip Hop Witch, Da"
168,The True Memoirs of an International Assassin
168,Johnny Mnemonic
168,Pirate Radio
169,Cosmo
169,Alvin and the Chipmunks
169,Eros
169,"Party, The"
169,"Two Jakes, The"
169,Senna
169,Puncture
169,Stefan Zweig: Farewell to Europe
170,Staten Island
170,"Englishman Who Went Up a Hill But Came Down a Mountain, The"
170,Just One of the Guys
170,Exam
171,Gypsy
171,Man's Best Friend
172,Isle of Dogs
172,And Starring Pancho Villa as Himself
172,Imagine That
172,Dark Blue
174,Angels & Demons
174,Into the Woods
174,Lean on Me
174,Dragon Seed
174,Good Burger
175,Ben X
175,Meet the Parents
175,"Trigger Effect, The"
175,Company Man
175,Dear Wendy
176,Thor
176,"Saint, The"
176,Hatchet III
176,Encino Man
176,Heima
177,Wild at Heart
177,Saving Face
177,Gigi
177,"Red Shoes, The"
177,Mean Streets
177,Green Lantern: First Flight
180,"Adventures of Rocky and Bullwinkle, The"
180,The Punisher: Dirty Laundry
180,Steel
180,The Square
180,Elektra Luxx
180,Ferngully: The Last Rainforest
181,Dune
181,Samsara
181,Son of Flubber
181,"Russia House, The"
181,"Hills Have Eyes II, The"
181,Bat*21
181,She's Having a Baby
182,Halloween 4: The Return of Michael Myers
182,The Commuter
182,Emma
182,"Pink Panther, The"
182,Fletch Lives
182,Santa Sangre
183,Wrath of the Titans
183,Gotcha!
183,Butterflies Are Free
183,Body Snatchers
184,"Tracey Fragments, The"
184,Untamed Heart
184,K-19: The Widowmaker
184,"Heat, The"
184,Condorman
185,"Honey, I Blew Up the Kid"
185,"Quiet American, The"
186,"Muppets, The"
186,Themroc
186,Oliver Twist
186,Housebound
186,Living in Oblivion
186,Revenge of the Green Dragons
186,Dracula Untold
186,Fruitvale Station
187,"Switch, The"
187,I Am Wrath
187,Twilight Zone: The Movie
187,The Adventures of Sherlock Holmes and Dr. Watson: Bloody Signature
187,Everest
187,Johnny English
188,"Day After Tomorrow, The"
188,Haunter
188,Who Killed the Electric Car?
188,Bruce Almighty
188,The Fox and the Hound 2
189,Little Miss Sunshine
189,"Time Machine, The"
189,"What Happened, Miss Simone?"
189,Prometheus
189,Irma la Douce
189,"Dark Crystal, The"
189,"Century of the Self, The"
189,Cirque du Freak: The Vampire's Assistant
191,Emma
191,Addams Family Reunion
191,Pathology
191,Tornado!
191,A Most Wanted Man
192,Attack of the Crab Monsters
192,Outpost
192,"Muppet Christmas: Letters to Santa, A"
193,Judgment Night
193,Seven Brides for Seven Brothers
193,Tomorrowland
193,"Man Who Cried, The"
195,Looney Tunes: Back in Action
195,Suddenly
196,War for the Planet of the Apes
196,Adam's Rib
196,25th Hour
196,Fearless
196,"Craft, The"
197,Begin Again
198,Wizards
198,Africa: The Serengeti
198,Living Out Loud
198,"Believer, The"
199,Jersey Girl
199,Inhale
199,"NeverEnding Story III, The"
199,Camille Claudel
199,Jezebel
199,Mr. Holmes
199,"Abyss, The"
200,There Will Come a Day
200,Nymphomaniac: Volume II
200,Laggies
200,Agnes of God
201,Better Luck Tomorrow
201,Ghost in the Shell 2.0
201,"Ref, The"
201,Cheech and Chong's Up in Smoke
201,Stagecoach
201,Before Sunset
201,Exposed
202,Heavenly Creatures
203,Evita
203,Jim Norton: American Degenerate
203,In Too Deep
203,Back to the Future Part II
203,16 Blocks
204,L.A. Confidential
204,101 Dalmatians II: Patch's London Adventure
204,Swordfish
205,Toy Story 3
205,Halloween
205,"Christmas Carol, A"
206,Fraktus
206,Wolf
206,Private School
206,High Spirits
206,Power Rangers
207,"Story of Us, The"
207,No Man's Land
207,"Hudsucker Proxy, The"
208,Android
208,"Peanuts Movie, The"
208,School of Rock
208,"Devil and Daniel Johnston, The"
208,"Band Wagon, The"
208,Gimme Danger
208,Crocodile Dundee in Los Angeles
208,Pokémon: The First Movie
208,Gothic
209,"Salton Sea, The"
209,Sunset Park
209,Open Water
210,The Hunger Games: Catching Fire
210,To Be or Not to Be
210,"Long Good Friday, The"
211,Get Him to the Greek
211,"Social Network, The"
211,The Adventures of Sherlock Holmes and Doctor Watson: The Treasures of Agra
211,Summer Rental
211,"Year of Living Dangerously, The"
212,Menace II Society
212,Mr. Blandings Builds His Dream House
213,"Turning Point, The"
213,"Heiress, The"
213,My Best Friend's Wedding
213,The Night Before
213,Clockwatchers
214,"Substitute, The"
214,Earth
214,Friday Night Lights
215,Something to Talk About
215,"Prince & Me, The"
216,Winnie the Pooh and the Day of Concern
216,Invincible
216,"Hard Day's Night, A"
217,"Tinker, Tailor, Soldier, Spy"
217,Aliens
217,The Little World of Don Camillo
217,"Turning Point, The"
217,The Great Train Robbery
218,"Octagon, The"
219,"Brass Teapot, The"
219,Stomp the Yard
219,Comedy Central Roast of David Hasselhoff
219,Out Cold
220,"Children, The"
220,Janie Jones
220,Lolita
220,Women in Trouble
220,"English Teacher, The"
222,Just Jim
222,Anvil! The Story of Anvil
222,Tilt
222,Gremlins 2: The New Batch
222,Undead
222,Poltergeist III
222,"To Wong Foo, Thanks for Everything! Julie Newmar"
222,Fist Fight
224,Widows' Peak
225,Brick Mansions
225,Control Room
225,A Street Cat Named Bob
225,Steve Jobs: The Man in the Machine
225,"Golden Compass, The"
225,Contact High
226,At the Circus
226,Terminal Velocity
227,Sweet Charity
227,"Nightmare on Elm Street 4: The Dream Master, A"
227,"Rink, The"
227,On a Clear Day
227,"Mexican, The"
227,"Secret Life of Words, The"
227,Osmosis Jones
227,"Night of the Hunter, The"
228,Eros
228,What About Bob?
228,Marat/Sade
228,20 Million Miles to Earth
228,Puppet Master III: Toulon's Revenge
228,The Little Prince
228,Waydowntown
229,Jonah Hex
229,Metropolis
229,Afro Samurai
229,Gen-X Cops
229,Chouchou
229,Two if by Sea
229,Whatever Works
229,Enough Said
230,Better Off Dead...
230,"Farewell to Arms, A"
230,Spy Kids 2: The Island of Lost Dreams
231,"Girl Next Door, The"
231,Straight Outta Compton
231,Hard Candy
231,"Stunt Man, The"
231,School for Scoundrels
232,For Love or Money
232,U.S. Marshals
232,Hurricane Streets
232,EDtv
232,Don Jon
232,"Guy Thing, A"
232,Bedrooms & Hallways
232,The Longest Week
233,Run Silent Run Deep
233,Mystery Date
233,Legally Blonde
234,Woyzeck
234,Failure to Launch
234,Biggles
234,Munich
234,Bolt
234,Attack of the Giant Leeches
234,Miss Congeniality 2: Armed and Fabulous
234,"Reaping, The"
234,Northanger Abbey
235,"Stand, The"
235,TiMER
235,Notorious C.H.O.
235,Exit Through the Gift Shop
236,Mrs. Henderson Presents
237,Hit by Lightning
237,All-Star Superman
238,Shall We Dance?
239,Bad Karma
239,Michael Jordan to the Max
239,Cyrus
239,"Long Good Friday, The"
239,Red Sonja
239,Jimmy Neutron: Boy Genius
239,Project Almanac
239,"Kentucky Fried Movie, The"
239,"Sitter, The"
241,Clockwatchers
241,Dr. Jekyll and Mr. Hyde
241,The DUFF
241,"Sisterhood of the Traveling Pants, The"
241,I'll Be Home For Christmas
241,Bungo Stray Dogs: Dead Apple
241,Three Men and a Baby
242,Jurassic World: Fallen Kingdom
242,"Blood In, Blood Out"
242,Good Will Hunting
242,"Odd Life of Timothy Green, The"
242,The Hungover Games
243,Wonder Boys
243,James and the Giant Peach
243,Gossip
243,Ringu 0: Bâsudei
243,Always
244,Roger & Me
244,Fist Fight
245,Little Murders
245,Tora! Tora! Tora!
245,Powaqqatsi
245,Billy Elliot
246,If These Walls Could Talk
246,Hear My Song
246,"Return of the Living Dead, The"
246,Deuces Wild
246,"Master, The"
246,Strangers on a Train
247,Zombie Strippers!
247,Naked
247,Nowhere
248,Waydowntown
248,Close Encounters of the Third Kind
248,Jack Ryan: Shadow Recruit
248,Novocaine
248,Shattered Glass
248,"Toxic Avenger, The"
248,"Morning After, The"
249,"Wings, Legs and Tails"
249,"Fugitive, The"
249,Dunkirk
250,"Sum of Us, The"
250,My Flesh and Blood
250,Federal Hill
250,Star Wars: Episode I - The Phantom Menace
250,She's So Lovely
251,Run Silent Run Deep
251,Hulk Vs.
251,Ladybugs
251,Watchmen
251,"Help, The"
252,Apollo 18
252,Kansas City
252,"Honey, We Shrunk Ourselves"
252,"Good Year, A"
252,"Man Without a Face, The"
253,Casino Royale
253,Knockin' on Heaven's Door
253,Why We Fight
253,Superman II
253,Joy Ride
253,Old Dogs
253,For Your Eyes Only
253,Beer League
254,Seven Psychopaths
254,Maleficent
254,"Haunted Mansion, The"
254,The Importance of Being Earnest
255,Who's That Knocking at My Door?
255,"Adventures of Rocky and Bullwinkle, The"
255,Gintama
255,High Fidelity
255,Star Wars: Episode VII - The Force Awakens
256,Sicko
256,Water
256,Taxi to the Dark Side
257,Getaway
258,Beverly Hills Cop III
258,Magic in the Moonlight
258,"Romantics, The"
258,Jane Austen's Mafia!
258,"Pink Panther 2, The"
258,"One I Love, The"
258,Return to Oz
258,Horton Hears a Who!
258,"Invention of Lying, The"
259,Still Alice
259,"Way We Were, The"
260,Blind Date
260,Black Snake Moan
261,Mortal Kombat: The Journey Begins
261,Too Big to Fail
261,Catch and Release
261,Winter's Bone
261,Hellboy II: The Golden Army
261,Very Bad Things
262,Tyler Perry's I Can Do Bad All by Myself
262,Trilogy of Terror
262,In My Father's Den
263,"Weather Underground, The"
263,Tom Jones
264,Mermaids
264,Blue Car
265,"Private Lives of Pippa Lee, The"
265,Persepolis
265,Twins
265,Before We Go
265,Just One of the Guys
265,When a Stranger Calls
265,"Crow, The"
266,"Croods, The"
267,"Alamo, The"
267,"Hustler, The"
267,A Bad Moms Christmas
267,"Woman in Black, The"
267,"Thin Line Between Love and Hate, A"
269,"Apartment, The"
269,Ernest Scared Stupid
269,Taken 2
269,Tom Segura: Completely Normal
269,Chopper
269,Ladybugs
269,"Darkman II: Return of Durant, The"
270,Saturday Night Fever
270,Inkheart
270,Field of Dreams
270,"Green Mile, The"
270,"Duck, You Sucker"
271,Rogue One: A Star Wars Story
271,My Best Friend's Girl
271,One Day in September
271,Au Hasard Balthazar
273,Washington Square
273,Respiro
273,"Immigrant, The"
273,Horse Feathers
273,Mystery Men
273,Richard Pryor Live on the Sunset Strip
273,Pet Sematary
273,Hardball
273,Anna Christie
276,How to Get Ahead in Advertising
276,Terminator Salvation
276,"Cook the Thief His Wife & Her Lover, The"
276,Jackass Number Two
277,Fright Night
277,Reversal of Fortune
277,Taking Woodstock
277,The Opposite Sex
277,Maggie's Plan
277,Bend It Like Beckham
278,Dr. Giggles
278,Changeling
278,"Transporter, The"
278,"Goofy Movie, A"
278,White Christmas
278,Tucker: The Man and His Dream
279,"Perfect Man, The"
280,Le Maître d'école
280,Hustle & Flow
280,"Ex, The"
280,Three Fugitives
280,Octopussy
281,Big Hero 6
281,Proof
281,Lynne Koplitz: Hormonal Beast
281,Harrison's Flowers
281,Maximum Ride
281,Little Darlings
282,"Cincinnati Kid, The"
282,Trust
282,"Replacement Killers, The"
282,"Incredible Journey, The"
282,"Secret of Kells, The"
283,House Party
283,Gladiator
283,John Wick
283,Red River
284,Stop! Or My Mom Will Shoot
284,"Single Man, A"
285,High Noon
285,Déjà Vu
285,Molly's Game
286,Blackbeard's Ghost
286,Sleuth
287,Seventh Son
287,Kids
287,Full Metal Jacket
287,Rock the Kasbah
287,Quatermass and the Pit
288,"Oh, God! Book II"
288,"Grand Budapest Hotel, The"
288,Smoke
288,Friday the 13th Part VII: The New Blood
288,Spun
288,Body of Lies
288,Suburban Commando
289,Beautiful People
289,Chicken Run
289,Call Northside 777
289,Repo Men
289,"Twilight Saga: Breaking Dawn - Part 2, The"
289,All of Me
289,Buena Vista Social Club
290,Cave of Forgotten Dreams
290,Hideaway
290,Casino Royale
290,The Last Witch Hunter
290,"Fly, The"
290,Rio 2
290,Bridget Jones's Baby
291,Star Wars: Episode VI - Return of the Jedi
291,Jersey Girl
291,Under the Sand
291,Everything You Always Wanted to Know About Sex * But Were Afraid to Ask
291,Designing Woman
291,"Burrowers, The"
291,Kit Kittredge: An American Girl
291,Babylon 5: The Legend of the Rangers: To Live and Die in Starlight
292,Jason's Lyric
293,Date and Switch
293,Mildred Pierce
293,Palindromes
293,Ocho apellidos vascos
293,Michael Collins
293,Great Balls of Fire!
294,Everything or Nothing: The Untold Story of 007
294,Halloweentown
295,She's All That
295,"Greatest Game Ever Played, The"
296,"Inbetweeners Movie, The"
296,"Ox-Bow Incident, The"
296,Lawnmower Man 2: Beyond Cyberspace
296,Stealing Home
296,Empties
296,Janie Jones
296,Children of the Night
297,Overnight Delivery
297,Boogie Nights
297,Lemony Snicket's A Series of Unfortunate Events
297,Live Wire
297,Wild Tales
297,Ishtar
297,Who's That Girl?
298,"Power of One, The"
298,American Hardcore
298,"Bounty Hunter, The"
298,Sphere
298,Captain Fantastic
298,The Good Boy
298,I'm the One That I Want
298,Children of the Damned
298,Killer Joe
299,Now and Then
299,Diva
300,Man on the Flying Trapeze
300,I'm Still Here
300,Broken
300,"War of the Worlds, The"
300,"Giver, The"
300,Stop-Loss
301,Gothika
302,Ex Machina
302,Dark Blue
302,"Million Dollar Hotel, The"
302,'Til There Was You
302,"Bodies, Rest & Motion"
302,"Iron Giant, The"
303,Notorious
303,Good Copy Bad Copy
303,CQ
303,Arthur
303,"I Love You, I Love You Not"
303,Solo: A Star Wars Story
305,"Inkwell, The"
305,Mon oncle d'Amérique
305,"Objective, Burma!"
305,I Want to Live!
305,Red Rock West
305,Shining Through
307,Yankee Doodle Dandy
307,I Never Promised You a Rose Garden
307,Frankie and Johnny
307,Maniac Cop 2
307,"Incredible Shrinking Woman, The"
307,"Edge of Love, The"
308,"Soldier's Story, A"
308,Berlin Calling
309,Family Guy Presents: Blue Harvest
309,The Boy and the Beast
309,Casablanca
309,King Kong
309,Funny People
310,Bogus
311,Action Jackson
311,Danny Collins
311,Lady and the Tramp
312,Mogambo
312,Spirit Camp
312,Laws of Attraction
312,EDtv
312,Touki Bouki
312,Bossa Nova
312,Tadpole
312,1492: Conquest of Paradise
313,Zombie Strippers!
313,"Little Shop of Horrors, The"
313,"Fugitive, The"
313,Fans
313,"Thin Red Line, The"
314,Random Hearts
314,Dangerous Minds
315,Surviving Christmas
315,Teknolust
315,"Nutty Professor, The"
315,"Addiction, The"
315,Home
315,I Sell the Dead
316,Sky High
316,Knockin' on Heaven's Door
317,LBJ
317,Simply Irresistible
317,Ice Guardians
317,Lust for Life
317,Signs
319,Avalanche
320,Supernova
320,"Black Stallion Returns, The"
320,Babylon 5: The Gathering
320,Jurassic World
320,"Passage to India, A"
320,Mezzo Forte
321,What Women Want
321,Bill Burr: Walk Your Way Out
321,"Bug's Life, A"
321,High Rise
321,Career Girls
321,Central Intelligence
321,Blame It on the Bellboy
321,Beautiful Boy
322,"Terminator, The"
322,Bunraku
322,Dirty Dancing: Havana Nights
322,Accepted
322,Darwin's Nightmare
322,"Smurfs, The"
322,Ghost in the Shell: Stand Alone Complex - The Laughing Man
322,Dark Blue
323,Ghost World
323,Electra Glide in Blue
323,Eragon
323,Conan the Destroyer
323,Midnight in Paris
323,"Care Bears Movie, The"
323,Miss Meadows
323,Thor
323,Stroszek
324,Secrets & Lies
324,Fight Club
325,"Freshman, The"
325,Billy Jack Goes to Washington
325,U-571
325,Legend
325,Little Fockers
328,Hitchcock
328,Dinosaur
328,"Truth About Charlie, The"
328,"Doctor, The"
328,Short Circuit 2
329,"Night in the Life of Jimmy Reardon, A"
330,Above the Rim
330,Black Widow
331,Blood Beach
332,Tales from the Hood
332,SpaceCamp
332,"Christmas Story, A"
332,Solaris
332,Battlefield Earth
332,"I Love You, Man"
332,When a Man Loves a Woman
333,Sleepers
333,"Real Blonde, The"
333,Life and Debt
333,Ladder 49
333,"What's Up, Tiger Lily?"
334,Animal Crackers
334,Year of the Horse
334,King of Kings
334,Remo Williams: The Adventure Begins
334,Harry Potter and the Order of the Phoenix
334,"Endless Summer, The"
335,Dirty Dancing: Havana Nights
335,Love & Human Remains
335,Venus
335,"Benchwarmers, The"
335,Communion
336,Pump Up the Volume
336,Dumb and Dumberer: When Harry Met Lloyd
336,Zelary
336,Scoop
336,Evil Aliens
336,Mother!
336,Slow West
337,Whatever Works
338,Herbie: Fully Loaded
338,"Masque of the Red Death, The"
338,Zombeavers
338,"Loved Ones, The"
339,"Collector, The"
339,"Cutting Edge, The"
339,"Chronicles of Narnia: The Voyage of the Dawn Treader, The"
339,Heart Condition
340,Ballistic: Ecks vs. Sever
340,Reign of Assassins
341,"Bridge at Remagen, The"
341,Silk Stockings
341,Red Corner
341,Amy
341,"Twilight Saga: Breaking Dawn - Part 1, The"
341,All the King's Men
341,Hideaway
342,"Paradine Case, The"
342,Foxfire
342,Glory Daze
343,Bad Boy Bubby
343,In the Mouth of Madness
344,The Madagascar Penguins in a Christmas Caper
344,Coffy
344,Cousins
344,Blind Fury
344,Killer's Kiss
344,Touch of Evil
344,Transformers
345,"People That Time Forgot, The"
345,Scouts Guide to the Zombie Apocalypse
346,Austenland
346,Willard
346,Love & Mercy
346,Battleship Potemkin
347,Secret Society
347,"Atomic Cafe, The"
347,Welcome to Mooseport
348,Johnny Mnemonic
348,Grabbers
348,Scary Movie
349,The Monkey King
349,Salvador
349,Armageddon
349,Deadpool
349,Red
349,War and Peace
349,"Package, The"
349,"Charlie, the Lonesome Cougar"
350,Penny Serenade
351,Satin Rouge
351,Pinocchio
351,M
351,Bubba Ho-tep
351,"All Dogs Christmas Carol, An"
351,Shakes the Clown
351,Hair
351,"Good Year, A"
352,"Great Gatsby, The"
352,There Will Come a Day
352,GLOW: The Story of the Gorgeous Ladies of Wrestling
352,Tracers
352,Bedtime Stories
353,Batman: Assault on Arkham
353,"Mexican, The"
353,Rambo III
353,Germinal
353,"Spiderwick Chronicles, The"
354,Cliffhanger
354,If I Were a Rich Man
354,Jesus Christ Superstar
354,Snitch
354,"Firm, The"
354,Alien Contamination
355,Harriet the Spy
355,Mystery Men
355,Spellbound
355,"Edge of Love, The"
355,Urban Legends: Final Cut
355,What Happens in Vegas...
355,Bully
356,Soul Food
356,Guarding Tess
356,A Street Cat Named Bob
357,Ulee's Gold
357,"Christmas Story, A"
357,La cravate
357,"Major and the Minor, The"
357,"Indian in the Cupboard, The"
358,Redbelt
358,Touch of Pink
358,That Munchhausen
358,"Wicker Man, The"
358,Ridicule
358,Long Night's Journey Into Day
358,Arlington Road
359,Reno 911!: Miami
359,All About the Benjamins
359,Mike & Dave Need Wedding Dates
359,"Internet's Own Boy: The Story of Aaron Swartz, The"
359,Sharknado
360,Reign of Fire
361,Because I Said So
361,Funny Games U.S.
361,"War, The"
362,"Last Boy Scout, The"
362,"Sunset Limited, The"
362,Indestructible Man
363,Brewster's Millions
363,Pierrot le fou
364,"Avengers, The"
364,Blind Fury
364,In the Mouth of Madness
364,"Hush... Hush, Sweet Charlotte"
364,Super Troopers
364,Stay
364,Get Me Roger Stone
364,Pacific Heights
366,Dracula
366,Bad Boys
366,Sergeant York
366,Cashback
366,Caligula
366,Spy Kids 3-D: Game Over
366,"Deep End of the Ocean, The"
367,Corner Gas: The Movie
367,Fame
367,"Witches, The"
367,Louis C.K.: Live at the Beacon Theater
367,What's Your Number?
367,Hysteria
367,A Cosmic Christmas
367,Erik the Viking
367,Splash
368,Them!
368,Fly Away Home
368,28 Days
368,Get on the Bus
368,Alligator
369,Yankee Doodle Dandy
369,Beethoven's 2nd
369,Curly Sue
369,Oliver Twist
369,Flowers in the Attic
369,Problem Child
369,Being Elmo: A Puppeteer's Journey
369,Cocktail
370,Elections Day
370,Hard Target
370,Condorman
370,Aces: Iron Eagle III
371,Ant-Man
371,Wedding Crashers
371,"Strange Love of Martha Ivers, The"
371,Madagascar: Escape 2 Africa
373,"House of the Dead, The"
373,Black Snake Moan
373,"Omen, The"
373,Holy Motors
373,Samsara
374,Stingray Sam
375,"Tall Guy, The"
375,Psycho
375,"Road to Guantanamo, The"
375,Bridge to Terabithia
375,Escape from the Planet of the Apes
375,Dear God
375,"Phantom Tollbooth, The"
375,"Perfect World, A"
376,Wizards of the Lost Kingdom II
376,"Golden Compass, The"
376,SpaceCamp
380,"Dresser, The"
380,Batman Returns
380,Sky High
381,She's So Lovely
381,Wild at Heart
381,Body of Lies
381,Six Degrees of Separation
381,Bros Before Hos
382,Smokin' Aces
382,Puppet Master II
382,Whiplash
382,Body Shots
382,F/X
383,"Purge: Anarchy, The"
383,"Seven-Per-Cent Solution, The"
383,Full Moon in Blue Water
383,Connections
383,Scent of a Woman
383,Mickey Blue Eyes
383,"Fast Food, Fast Women"
384,MacGruber
385,Rage of Honor
385,Baby Boy
385,"Innocent Man, An"
385,"Craft, The"
385,Wyatt Earp
385,Joe Somebody
385,SherryBaby
386,Ro.Go.Pa.G.
387,"Hustler, The"
387,Table 19
387,War Dance
388,"Love Bug, The"
388,Lucy
388,Unfinished Business
388,Silkwood
388,Raising Helen
388,About Last Night
389,Spectre
389,Almost Famous
389,Wall Street
389,Aladdin
389,"Man Who Cried, The"
389,My Science Project
389,Live Free or Die Hard
390,Find Me Guilty
390,Interstate 60
390,The Adderall Diaries
392,Ruthless People
392,"Toxic Avenger, Part II, The"
392,"NeverEnding Story II: The Next Chapter, The"
392,Paint Your Wagon
392,Smokey and the Bandit III
393,"Honey, I Shrunk the Kids"
393,Out of Africa
393,Casino
393,Insidious: Chapter 2
393,Sin Nombre
394,They
394,Boundaries
394,Little Women
394,"Wild Bunch, The"
394,Winnie the Pooh
394,To Die For
395,Red River
395,Die Another Day
396,Love Me Tender
396,Max Keeble's Big Move
397,Serving Sara
397,Failure to Launch
398,Under Siege 2: Dark Territory
398,Felony
398,Burnt
399,"Century of the Self, The"
399,Barfly
399,Mike & Dave Need Wedding Dates
399,Yentl
400,Nevada Smith
400,For Love or Money
401,"Crow, The: Wicked Prayer"
401,Obsession
401,"Quiet American, The"
401,"Teahouse of the August Moon, The"
401,Survivor
401,Sebastian Maniscalco: What's Wrong with People?
401,"Visit, The"
401,Gosford Park
402,Dr. Goldfoot and the Bikini Machine
402,Saving Grace
402,Beowulf & Grendel
402,Broken Arrow
403,Lady in the Water
403,Beat Street
403,There Once Was a Dog
403,Anna Christie
403,Embassy
403,Atonement
404,Hocus Pocus
404,Welcome to Happiness
404,"Age of Innocence, The"
405,Idle Hands
406,"Matador, The"
406,Captain America: Civil War
406,"Station Agent, The"
406,Mighty Joe Young
406,Showgirls
406,Teacher's Pet
408,Room at the Top
408,Haunted Honeymoon
408,Bruce Almighty
408,50/50
408,Weirdsville
408,Precious Cargo
409,Keep the River on Your Right: A Modern Cannibal Tale
409,"40-Year-Old Virgin, The"
409,Altered
409,Invictus
409,"Godfather, The"
410,Atlantis: The Lost Empire
410,"Chump at Oxford, A"
411,Justice League: The New Frontier 
413,Be Cool
413,Pacific Heights
413,Star Maps
414,Piper
414,Wild America
415,"Rocker, The"
415,La La Land
415,Assassination
417,Six Degrees of Separation
417,8 Women
417,Seven Years in Tibet
417,Taxi 4
417,A Story of Children and Film
417,Kite
417,At the Circus
418,Jabberwocky
418,Prime Suspect 3
418,Robot & Frank
418,Little Man Tate
418,Battlestar Galactica: Razor
418,Stoned
418,One-Eyed Jacks
419,Death Wish 2
419,"American Carol, An"
419,Escape from Planet Earth
419,That's Entertainment
420,Hitch
420,Nicotina
420,Farewell to the King
420,Cruel Intentions
424,Defending Your Life
424,"X-Files: Fight the Future, The"
424,Bedazzled
424,Watchmen
424,Leave It to Beaver
424,American Pie
424,Shaun the Sheep Movie
424,Damn Yankees!
425,And the Band Played On
425,Jury Duty
425,His Girl Friday
425,The Silence of the Hams
425,Reversal of Fortune
425,Two if by Sea
426,Miss Nobody
426,I Want to Live!
426,Apocalypto
426,Bella
427,Mystic Pizza
427,Penelope
427,Jackass Presents: Bad Grandpa
427,Rock the Kasbah
427,Daredevil
427,Pineapple Express
427,"Wedding Singer, The"
427,"Order, The"
428,Dreamscape
429,Bastard Out of Carolina
429,Everybody Wants Some
430,Body Double
430,Pork Chop Hill
430,Boyhood
430,Shake Hands with the Devil
430,"World's Fastest Indian, The"
430,Peter Pan
431,Recount
431,You'll Never Get Rich
432,Man on Wire
432,Mighty Joe Young
432,Dad's Army
432,Dear Zachary: A Letter to a Son About His Father
433,"Legally Blonde 2: Red, White & Blonde"
433,Year of the Dragon
433,Dracula Untold
433,Mildred Pierce
433,Mischief
433,Madagascar: Escape 2 Africa
434,Sisters
434,Zipper
434,"Host, The"
434,"Shawshank Redemption, The"
434,Practical Magic
434,U.S. Marshals
434,"One, The"
434,Edge of Tomorrow
434,Breakfast at Tiffany's
435,Silent Hill: Revelation 3D
435,2001: A Space Odyssey
435,Baby Mama
435,"Decline of Western Civilization Part II: The Metal Years, The"
435,Cars
437,Shallow Grave
438,"Circus, The"
438,Man Trouble
438,For the Bible Tells Me So
438,"Couch Trip, The"
438,Oklahoma!
438,00 Schneider - Jagd auf Nihil Baxter
439,Mozart and the Whale
440,"Omega Code, The"
442,Real Steel
442,Dead Calm
442,Best Worst Movie
442,I Never Promised You a Rose Garden
443,Deathtrap
443,Crossing Over
443,Pride and Prejudice
443,Outland
444,Doomsday
446,Evita
446,Final Destination 5
446,"Comebacks, The"
447,Gold Diggers of 1933
449,House
450,Atlantis: The Lost Empire
450,Minnie and Moskowitz
450,Troop Beverly Hills
450,28 Days
450,Little Miss Marker
450,Madonna: Truth or Dare
450,Ramona and Beezus
451,Krippendorf's Tribe
451,Beethoven
451,Matewan
451,Modern Problems
451,The Duke of Burgundy
451,"Mighty Ducks, The"
451,"Company Men, The"
451,"Picture of Dorian Gray, The"
451,13 Sins
452,Say It Isn't So
452,"Fantasticks, The"
452,"Innkeepers, The"
452,"Lovely Bones, The"
452,"Seeker: The Dark Is Rising, The"
452,What's Eating Gilbert Grape
453,Hugo
453,When Harry Met Sally...
453,Bill & Ted's Excellent Adventure
453,Mr. Saturday Night
453,"Final Countdown, The"
455,PK
455,Fatal Beauty
455,Nelly & Monsieur Arnaud
455,Alfie
455,Bully
455,"Spanish Prisoner, The"
455,"Last Seduction, The"
456,Skyline
456,No Game No Life: Zero
456,Requiem for a Dream
457,Superman
457,Knockin' on Heaven's Door
457,Duel
457,Gods and Monsters
457,Taking Sides
457,"Very Potter Musical, A"
457,Maya Lin: A Strong Clear Vision
458,Scooby-Doo! Abracadabra-Doo
458,One Week
459,I Know What You Did Last Summer
459,Psycho III
459,Sorority House Massacre
459,Wanderlust
459,Belladonna of Sadness
459,Running Scared
460,High School
460,My Dinner with André
460,Fire and Ice
460,Henry: Portrait of a Serial Killer
460,American Made
460,"Other Sister, The"
460,Scooby-Doo! and the Loch Ness Monster
460,Sightseers
460,I Am Wrath
461,Bugsy
462,"Pink Panther Strikes Again, The"
462,Annabelle: Creation
462,Harvard Man
463,Last Orders
463,Pecker
463,Casino Jack
463,Trailer Park Boys
464,Rush
464,The Big Bus
464,Butterflies Are Free
465,Battle in Seattle
465,Peaceful Warrior
465,Get Carter
465,A Very Murray Christmas
466,Braveheart
466,Analyze This
466,Philadelphia
466,The Pumaman
466,Jumper
467,Buena Vista Social Club
467,"Wind That Shakes the Barley, The"
467,Speed Racer
468,Life as We Know It
468,Paris Is Burning
468,In the Name of the King: A Dungeon Siege Tale
468,Protocol
468,Death of a President
468,Mrs. Parker and the Vicious Circle
469,Apollo 18
469,In My Father's Den
469,Buddy
469,Priklyucheniya Kapitana Vrungelya
469,White Chicks
469,George Washington
469,Poison Ivy: New Seduction
470,Dying Young
471,"Whistleblower, The"
472,"Aristocats, The"
472,Captain America: Civil War
472,Robot Overlords
472,Jane Eyre
472,Transformers: The Movie
472,"Conjuring, The"
472,8 Mile
472,Outpost
473,Bicentennial Man
473,Alan Partridge: Alpha Papa
473,Valley Girl
474,There Will Come a Day
474,Mortal Kombat: The Journey Begins
474,"Muppet Christmas: Letters to Santa, A"
474,"Slums of Beverly Hills, The"
474,Gossip
474,Little Buddha
474,Amateur
475,Annabelle: Creation
475,Hollywood Shuffle
475,Maniac Cop
475,For Love of the Game
475,It Came from Hollywood
475,Blue Car
476,"Seven-Per-Cent Solution, The"
476,Adventureland
476,Boy Eats Girl
476,Beautiful
476,"Changeling, The"
477,Benji the Hunted
477,Thoroughly Modern Millie
477,Welcome to Dongmakgol
477,Karate Bullfighter
478,Borat: Cultural Learnings of America for Make Benefit Glorious Nation of Kazakhstan
478,Some Mother's Son
479,"General Died at Dawn, The"
479,Just One of the Guys
479,Edge of Tomorrow
479,Nothing to Lose
479,Man of Tai Chi
479,Bring It On: In It To Win It
480,PCU
481,"Wizard, The"
482,Shopgirl
482,Fresh
482,I Love Trouble
482,Turtle Diary
482,Find Me Guilty
482,Viridiana
482,Carol
483,What's Love Got to Do with It?
484,Scorched
484,Detachment
484,Harrison Bergeron
485,Bulletproof Monk
485,White Christmas
485,What a Girl Wants
485,Meet the Feebles
486,Taken
486,13th
486,Spider-Man 2
486,She's Gotta Have It
486,Down to the Bone
486,"Truth About Charlie, The"
486,"Girl, Interrupted"
487,Pork Chop Hill
487,L.A. Story
487,You're Next
487,St. Vincent
487,Holy Motors
487,Da geht noch was!
488,Gregory's Girl
488,Green Zone
488,"Negotiator, The"
488,They
488,Nighthawks
488,Confessions of a Shopaholic
489,Paradise Road
491,"Man Who Knew Too Much, The"
491,Mephisto
491,Marauders
491,Judd Apatow: The Return
491,Candy
491,"Other Woman, The"
491,Little Voice
491,Red Rock West
491,To Die For
492,Thief
492,Risk
492,Before Sunrise
492,Bedazzled
492,Snatched
492,Jump In!
492,Bugsy Malone
493,Not Another Teen Movie
493,Shadow Dancer
493,Frankenweenie
493,"Seven Year Itch, The"
493,Go West
494,Silver Spoon
495,Welcome to Mooseport
495,Rookie of the Year
495,Keeping the Faith
495,Silent Running
495,"World of Henry Orient, The"
495,Prizzi's Honor
496,Sarah Silverman: Jesus Is Magic
496,"Great Santini, The"
496,I Walked with a Zombie
496,"Nobody Speak: Hulk Hogan, Gawker and Trials of a Free Press"
496,Marauders
496,Ed
497,"Collector, The"
497,Alaska
497,"Handmaid's Tale, The"
497,Candyman: Farewell to the Flesh
497,"Darkman II: Return of Durant, The"
497,Network
497,Big Bully
498,Henry: Portrait of a Serial Killer
499,Mud
499,Little Caesar
500,4 Little Girls
500,Cold in July
500,"Librarian: Quest for the Spear, The"
501,Paranormal Activity 3
501,Umberto D.
501,Thumbelina
501,"Matador, The"
502,Single White Female
502,"Spy Who Loved Me, The"
502,The Devil's Advocate
502,Looking for Comedy in the Muslim World
502,Friends with Kids
503,Wildcats
503,Terri
503,Matchstick Men
503,Webmaster
503,City Lights
503,Batman Beyond: Return of the Joker
503,Glory Daze
504,Spellbound
504,"Internet's Own Boy: The Story of Aaron Swartz, The"
504,In the Heart of the Sea
504,"Deer Hunter, The"
504,Mr. Destiny
505,"Karate Kid, Part II, The"
505,Rudderless
505,"Da Vinci Code, The"
505,Alone in the Dark II
505,Airplane!
505,"Great Ziegfeld, The"
505,Maggie's Plan
506,Swingers
506,"Private Lives of Pippa Lee, The"
506,Joe's Apartment
506,Made in Dagenham
506,Making the Grade
506,The Amazing Spider-Man 2
506,Dunston Checks In
506,Premonition
507,Mouchette
507,Lolita
507,Spider
507,Babylon 5: Thirdspace
507,Paris Is Burning
507,"Straight Story, The"
507,Santa's Little Helper
507,Killing Me Softly
507,Valmont
508,Despicable Me 2
508,Some Like It Hot
508,On a Clear Day
508,Ernest Goes to Jail
509,"Natural, The"
509,Lady in the Water
509,My Big Fat Greek Wedding
509,Tremors II: Aftershocks
509,Gilda
509,Night on Earth
510,Margot at the Wedding
510,Snatch
511,Byzantium
511,Star Trek: Generations
511,"Wind That Shakes the Barley, The"
511,Barbershop: The Next Cut
511,American Psycho
511,Eye in the Sky
512,John Tucker Must Die
512,Harry Potter and the Chamber of Secrets
512,Jonah: A VeggieTales Movie
512,Pokémon Heroes
512,"Maxed Out: Hard Times, Easy Credit and the Era of Predatory Lenders"
512,Indiscreet
512,Mortuary
513,Carnival Magic
514,Hairspray
514,Two Mules for Sister Sara
514,Sorority Boys
515,Waiting to Exhale
515,Mr. Blandings Builds His Dream House
516,Air Bud
516,"Lookout, The"
516,Premium Rush
516,Mo' Money
516,Shark Tale
517,Alvarez Kelly
517,Er ist wieder da
517,The 5th Wave
517,In the Realms of the Unreal
517,Against the Ropes
517,Old Dogs
517,Troy
517,Attack of the Killer Tomatoes!
518,She Wore a Yellow Ribbon
518,Mommy
518,"War Zone, The"
518,"Vow, The"
519,Ringu 0: Bâsudei
519,Boy Meets Girl
519,Who's Harry Crumb?
519,Night of the Living Dead
519,Pork Chop Hill
519,Vacations in Prostokvashino
520,Shrek 2
520,People Will Talk
520,"Whistleblower, The"
520,"Incredible Journey, The"
520,Jane Eyre
522,The Electric Hotel
522,Beetlejuice
522,Phantasm
522,Man on Fire
522,Brokeback Mountain
523,Bernie
523,But I'm a Cheerleader
523,"Adventures of Rocky and Bullwinkle, The"
523,Grind
523,Shall We Dance?
523,Black Snake Moan
523,Welcome to Happiness
523,Witness
523,Neal Brennan: 3 Mics
524,Anchors Aweigh
524,Planes
524,Birthday Girl
524,The Infiltrator
525,White House Down
525,House of Cards
525,Lost in the Sun
525,The Players Club
526,"Breakfast Club, The"
527,Kill Bill: Vol. 2
527,Friday the 13th Part 3: 3D
529,12 Chairs
529,Midnight in Paris
530,Hancock
530,Water
530,Dead Calm
530,Show Boat
530,The Hound of the Baskervilles
530,My Big Fat Greek Wedding 2
531,Taxi Driver
531,The Big Sick
532,Homeward Bound: The Incredible Journey
532,Taking Lives
532,Skipped Parts
532,Think Like a Man
534,Saving Mr. Banks
534,Star Trek: Nemesis
534,Let's Get Harry
534,Dead or Alive: Hanzaisha
534,Hands on a Hard Body
534,Flushed Away
535,Death Note Rewrite: Genshisuru Kami
535,Stealing Beauty
535,From Russia with Love
535,Fuzz
535,Blood Feast
535,Gunga Din
535,Hopscotch
536,April Fool's Day
536,Death Race 2
536,"Sorcerer's Apprentice, The"
536,Hombre
536,Strangers with Candy
536,Notes on a Scandal
536,Tootsie
536,A Home at the End of the World
536,Cadillac Man
537,Return of the Secaucus 7
537,Carandiru
537,Million Dollar Arm
537,"War, The"
537,"Rugrats Movie, The"
537,"Yes Men, The"
537,"Goods: Live Hard, Sell Hard, The"
538,Any Which Way You Can
538,Against All Odds
538,Drive Hard
539,The Second Best Exotic Marigold Hotel
539,Just Eat It: A Food Waste Story
539,Resident Evil: Extinction
539,Summer School
539,FLCL
539,Insomnia
539,Inescapable
540,Mary Reilly
540,Ikiru
540,It Came from Outer Space
540,This Gun for Hire
540,Freejack
540,"Master of Disguise, The"
540,"Air Up There, The"
540,Metropolitan
541,Jonah: A VeggieTales Movie
541,"Magnificent Ambersons, The"
541,"French Lieutenant's Woman, The"
541,Topsy-Turvy
541,Mutiny on the Bounty
541,"Rugrats Movie, The"
541,"Angriest Man in Brooklyn, The"
542,Ted 2
542,Friday the 13th Part V: A New Beginning
542,Arachnophobia
542,Madly in Love
542,Joe Rogan: Triggered
545,Satanic
545,Kika
545,Wild Hogs
545,Seven Brides for Seven Brothers
545,"Darkest Hour, The"
545,Scrooged
546,Jade
546,Dragonslayer
546,Deliver Us from Evil
546,Riddick
546,Antichrist
546,My Love
547,Children of the Corn
547,Precious Cargo
547,Prelude to a Kiss
547,Poseidon
547,Firefox
548,Horse Feathers
548,Silence
548,The Alamo
548,Bride & Prejudice
548,Winter in Prostokvashino
548,"Juror, The"
548,Terminator Salvation
548,Muppets From Space
549,Tremors
550,Bob le Flambeur
550,Peggy Sue Got Married
550,Amazon Women on the Moon
550,Extremities
550,Darkness
551,Batman & Robin
551,Wag the Dog
551,Mom and Dad Save the World
551,Close Range
551,Jiro Dreams of Sushi
552,Memoirs of a Geisha
552,Drugstore Cowboy
552,Vacations in Prostokvashino
552,Smoke Signals
552,"Man of No Importance, A"
552,Leatherheads
552,[REC]³ 3 Génesis
552,Hook
552,"Evil Dead, The"
553,Treasure Planet
553,"War Zone, The"
553,Hud
553,Welcome to Sarajevo
554,Last Holiday
554,Attack of the Crab Monsters
554,Madagascar: Escape 2 Africa
554,Inside Man
554,"World of Henry Orient, The"
554,Mike's New Car
557,Inhale
557,Gimme Danger
557,Einstein and Eddington
557,Groove
557,Cousins
558,I'm Still Here
558,ParaNorman
558,Plain Clothes
558,Snowden
558,Platoon
558,Treasure Island
558,"Day of the Jackal, The"
559,Another Gay Movie
559,"Assignment, The"
559,Dressed to Kill
561,"Man Who Knew Too Much, The"
561,Argo
561,The Circle
561,Snow White and the Seven Dwarfs
561,Sherlock Holmes and the Secret Weapon
562,"Stoning of Soraya M., The"
563,Morning Glory
563,"Whole Wide World, The"
563,Indiana Jones and the Kingdom of the Crystal Skull
563,Child's Play
563,Wonder Wheel
563,Revenge of the Nerds II: Nerds in Paradise
563,Rebecca
564,When in Rome
564,"Seventh Sign, The"
564,Singles
564,Critters
564,Dead End
564,Flying Tigers
565,"Nutty Professor, The"
565,Lady and the Tramp
565,Gordy
567,"Letter to Three Wives, A"
567,Stuck
567,Cocaine Cowboys
567,Conversations with Other Women
567,Atlantis: The Lost Empire
567,Snowden
569,Nerve
569,Cop Car
569,Scarface
570,Daffy Duck's Quackbusters
570,One Night at McCool's
571,"Little Mermaid, The"
571,Side Effects
571,Now You See Me
571,Cloudy with a Chance of Meatballs
571,Act of Valor
571,Big Fish
572,Grown Ups
572,The Duke of Burgundy
572,"Man for All Seasons, A"
572,Dune
573,Margaret
573,"Rescuers, The"
573,The Blue Planet
573,D3: The Mighty Ducks
573,Holiday
573,84 Charing Cross Road
574,For All Mankind
574,All Dogs Go to Heaven
575,"Wild Bunch, The"
575,"Big Easy, The"
575,Funny Games U.S.
575,Up in the Air
575,Beach Blanket Bingo
575,Himizu
575,Nick of Time
575,"Nightmare Before Christmas, The"
575,French Connection II
576,"Squid and the Whale, The"
576,"Man with the Iron Fists, The"
577,48 Hrs.
577,Racing Stripes
577,200 Cigarettes
577,Close Range
577,"Knight's Tale, A"
578,Ice Age: A Mammoth Christmas
578,Freaky Friday
578,"Producers, The"
579,Crimewave
580,Final Destination 3
580,"War of the Worlds, The"
580,Shotgun Stories
580,Pet Sematary
580,Short Cuts
580,Bounce
580,Rush
581,Jersey Girl
581,Dr. Terror's House of Horrors
581,"Unforgiven, The"
581,Fat Albert
582,Head Above Water
582,Flesh and Bone
583,"Four Seasons, The"
583,"Company of Wolves, The"
583,East of Eden
583,Babylon A.D.
584,Gold Diggers of 1935
584,White House Down
584,Cadillac Man
584,Who'll Stop the Rain
584,Duets
584,Splinter
584,"Thin Blue Line, The"
585,"Three Musketeers, The"
585,"Hunted, The"
585,"Third Man, The"
585,Guardians
585,Peaceful Warrior
585,Return to Sender
585,Sister Act 2: Back in the Habit
585,Thinner
586,Spellbound
586,Luxo Jr.
586,Too Many Cooks
586,Tilt
587,Planet of the Apes
587,Ice Age 4: Continental Drift
588,The Second Best Exotic Marigold Hotel
588,Stargate
588,Faster
588,"Mark of Zorro, The"
588,"Real Blonde, The"
588,All About Eve
588,Star Wars: The Clone Wars
589,"Salton Sea, The"
589,"Oh, God! Book II"
589,"Turning Point, The"
589,Meantime
589,Around the World in 80 Days
590,Free Willy 2: The Adventure Home
590,"Sound of Music, The"
590,Blue Thunder
590,Doctor Who: The Time of the Doctor
590,JFK
590,Dawn of the Dead
591,Kubo and the Two Strings
591,Things You Can Tell Just by Looking at Her
591,Brassed Off
591,The Town that Dreaded Sundown
591,Knockin' on Heaven's Door
591,Paradise Lost: The Child Murders at Robin Hood Hills
591,"Craft, The"
591,"Life of David Gale, The"
592,Can't Buy Me Love
592,Regret to Inform
592,Broken
592,Life Stinks
592,"Odd Life of Timothy Green, The"
592,Bulletproof
592,Ninotchka
592,Tall Tale
593,Snitch
593,"Patriot, The"
594,The Neon Demon
594,"Spiderwick Chronicles, The"
594,"Straight Story, The"
594,"One, Two, Three"
594,Semi-Pro
594,Only the Lonely
595,Stuart Little 2
595,To Live and Die in L.A.
595,"Life and Death of Peter Sellers, The"
595,Taxi Driver
595,Looking for Comedy in the Muslim World
595,Frankenstein Meets the Wolf Man
595,Think Like a Man Too
595,"Shootist, The"
596,"Lookout, The"
596,Drift
596,Death Race 2
596,Revolution
596,You'll Never Get Rich
596,Winnie the Pooh and the Day of Concern
596,Gangster No. 1
596,Deathtrap
597,"Virgin Suicides, The"
597,"Star Is Born, A"
597,Rising Sun
597,"Slums of Beverly Hills, The"
598,Baarìa
598,"Astronaut's Wife, The"
598,The Hunger
598,Mutant Aliens
598,George Harrison: Living in the Material World
598,Legally Blonde
598,Brokedown Palace
598,Sicko
599,Psycho Beach Party
599,Chicken Run
599,Laura
599,Psycho Beach Party
601,Nerve
601,She's So Lovely
601,"Competition, The"
601,Heart and Souls
601,"Last Castle, The"
601,Queen of the Damned
601,The Finest Hours
601,Youth
602,Born in East L.A.
602,Ninja Assassin
602,4 Little Girls
602,Dr. No
602,Under Suspicion
602,Lightning in a Bottle
602,"Palm Beach Story, The"
602,Hotel Transylvania 2
603,"Ex, The"
603,Gifted
603,North Pole: Open For Christmas
603,"Abandoned, The"
603,Mortal Kombat: The Journey Begins
604,My Blue Heaven
604,"Importance of Being Earnest, The"
604,Kickin It Old Skool
605,Mo' Money
605,Puss in Boots: The Three Diablos
608,Blue Exorcist: The Movie
608,Charlie Wilson's War
608,Creep
609,"Prairie Home Companion, A"
609,"China Syndrome, The"
609,Michael
612,Justice League: The New Frontier 
612,Children of the Corn
612,One Crazy Summer
612,Dave Chappelle: Killin' Them Softly
612,Attack of the Killer Tomatoes!
612,Rocky Balboa
613,"Tuxedo, The"
613,Wristcutters: A Love Story
613,Madeline
613,Woyzeck
613,Belly
613,Young Frankenstein
613,Sing
615,War Machine
615,Dazed and Confused
615,D.A.R.Y.L.
615,Children of the Revolution
615,Bob le Flambeur
615,Beaches
615,Unstoppable
615,At Middleton
616,Footloose
616,Cannibal Holocaust
618,Masquerade
618,Solaris
618,"Nightmare on Elm Street 4: The Dream Master, A"
619,"Corporation, The"
619,On the Ropes
619,Turtle Power: The Definitive History of the Teenage Mutant Ninja Turtles
620,"Computer Wore Tennis Shoes, The"
620,Mad City
620,"Boogeyman, The"
621,All Dogs Go to Heaven
621,Anomalisa
621,Transformers: Dark of the Moon
621,UnHung Hero
621,Thank You for Smoking
621,Wolf
622,Winnie the Pooh
622,Bronco Billy
622,East of Eden
622,Secret Society
622,As I Was Moving Ahead Occasionally I Saw Brief Glimpses of Beauty
623,Bellflower
623,Red Planet
623,Pocahontas
623,"Break-Up, The"
624,"Incredible Journey, The"
624,Superman/Doomsday 
624,Life or Something Like It
624,"Graduate, The"
624,"Changeling, The"
624,Gleaming the Cube
624,Joe's Apartment
624,"Amazing Transparent Man, The"
627,Jim Gaffigan: Cinco
627,Ratchet & Clank
627,"Family, The"
628,High Art
628,Death Becomes Her
628,Gattaca
629,Hard Target
629,Saw
629,1776
629,Fall
629,Tyler Perry's Diary of a Mad Black Woman
629,Ghost Rider
629,Repo Man
630,Step Up 2 the Streets
630,"Thousand Words, A"
630,"Pirates! Band of Misfits, The"
630,A Story of Children and Film
631,No Mercy
631,"Benchwarmers, The"
631,"Oh, God! Book II"
632,Harold and Maude
632,Hardcore Henry
632,Batman: Mask of the Phantasm
632,"Long Good Friday, The"
632,Titan A.E.
632,Dr. Seuss' The Lorax
632,Harlem Nights
632,Next
633,"Three Musketeers, The"
634,"In-Laws, The"
634,"Walk to Remember, A"
635,"Equalizer, The"
635,Rebecca
635,"Good Girl, The"
635,Morvern Callar
636,Ferdinand
636,Teknolust
636,Eyes of Laura Mars
636,Ghost Dog: The Way of the Samurai
640,"Food, Inc."
640,When We First Met
640,3 Ninjas Kick Back
641,"Boogeyman, The"
641,Nowitzki: The Perfect Shot
642,McHale's Navy
642,"Strangers, The"
642,LBJ
642,Your Sister's Sister
643,"Brother from Another Planet, The"
643,Child's Play
643,"Prophecy, The"
643,"Producers, The"
643,Psycho II
643,A Flintstones Christmas Carol
644,True Lies
644,Pete's Dragon
645,Paul
645,Goldfinger
645,Running on Empty
645,Jaws
645,"Rainmaker, The"
645,Yongary: Monster from the Deep
645,Look Who's Talking
646,Fire and Ice
646,Seve
646,Tucker: The Man and His Dream
646,Delicatessen
646,Dead Like Me: Life After Death
646,Deuce Bigalow: Male Gigolo
646,Stargate: Continuum
646,The Natural Love
647,Crimes of the Heart
647,Teen Wolf
647,Roger & Me
647,Smoke Signals
647,Fever Pitch
647,Working Girl
648,Head of State
648,Frida
648,Mr. Blandings Builds His Dream House
648,Bambi
649,Thunderbirds
649,Batman: The Killing Joke
649,Van Helsing
649,Hot Pursuit
649,Unforgiven
650,Dragonfly
650,Edge of Tomorrow
651,Reign of Assassins
651,Bastard Out of Carolina
651,Heartburn
651,FLCL
652,Miracles - Mr. Canton and Lady Rose
652,The Fault in Our Stars
652,Mad Max
652,Private Parts
653,John Carter
653,Under Siege 2: Dark Territory
653,Buried
653,Otello
653,"Watcher in the Woods, The"
653,"Verdict, The"
653,"Last of the Mohicans, The"
653,Deliverance
653,"Good Son, The"
656,Snowden
656,Monday
656,"Jolson Story, The"
656,Spring
657,"Crimson Pirate, The"
657,Looking for Comedy in the Muslim World
658,The Handmaiden
658,City Slickers
658,Fireproof
658,Disturbing Behavior
659,"Last Supper, The"
659,"New York, I Love You"
659,Fear
659,"Last Waltz, The"
660,Beloved
660,Metal: A Headbanger's Journey
660,Middle Men
660,Empire of the Sun
660,Jesus Christ Vampire Hunter
660,Clerks
661,Kingsman: The Golden Circle
661,Pawn
661,"Selfish Giant, The"
662,Kizumonogatari Part 1: Tekketsu
662,The Dressmaker
662,"Hitcher, The"
662,Hard Core Logo
662,Sin Nombre
663,Diner
663,Ghost World
663,Brewster's Millions
663,Elf
663,Audrey Rose
663,Iron Man & Hulk: Heroes United
664,Agnes of God
664,"Brain That Wouldn't Die, The"
665,Wild at Heart
665,World's Greatest Dad
665,Melvin and Howard
665,Hackers
665,Anaconda
665,Double Dragon
665,Lemony Snicket's A Series of Unfortunate Events
667,Zazie dans le métro
667,One Week
667,Funny Face
667,Glory Road
668,"Super, The"
669,Chasers
669,Pixel Perfect
671,Cold Comfort Farm
671,Caveman
671,Malice
672,4 Little Girls
672,Edge of Tomorrow
672,About a Boy
672,Angela's Ashes
672,Creepshow
672,Joy Ride
672,Windtalkers
672,American Pie 2
672,Trevor Noah: African American
673,Places in the Heart
673,Dr. Goldfoot and the Bikini Machine
673,Destry Rides Again
673,Big Business
673,Whatever It Takes
673,Heavenly Creatures
673,Babel
674,Noah
674,Ghost in the Shell
674,Dragons: Gift of the Night Fury
674,Le Maître d'école
674,"Four Seasons, The"
674,"Black Hole, The"
674,20 Dates
674,Ed Wood
675,Something Wicked This Way Comes
675,Friendly Persuasion
675,Men at Work
675,"Best Man, The"
676,Klute
676,"Unreasonable Man, An"
676,Girlfight
677,Malcolm X
677,Amateur
677,Green Card
677,Confidence
677,"Dark Knight Rises, The"
677,Jaws
679,Versus
679,Agora
680,Lesson Faust
680,Antz
680,"Net, The"
680,Planet of the Apes
680,"Source, The"
680,Legend of the Guardians: The Owls of Ga'Hoole
680,Absolute Power
681,New Rose Hotel
681,First Monday in October
681,Broken Arrow
681,Legal Eagles
681,Cats
681,Whatever
682,Charly
682,How Do You Know
682,"Tracey Fragments, The"
682,GLOW: The Story of the Gorgeous Ladies of Wrestling
682,Brubaker
683,"Godfather: Part III, The"
683,Topsy-Turvy
683,"Portrait of a Lady, The"
684,The Fundamentals of Caring
684,"American Haunting, An"
685,Casablanca
685,Artemisia
685,Mirrors
686,Shanghai Noon
686,Z
686,"Rocky Horror Picture Show, The"
686,To Catch a Thief
686,"Little Vampire, The"
687,"Lookout, The"
687,"Castle, The"
688,"Changeling, The"
688,Liberal Arts
688,Rio 2
688,Ponette
688,Wild America
688,"Running Man, The"
688,Cowboys & Aliens
688,"Package, The"
689,Iron Eagle IV
689,Revenge of the Nerds II: Nerds in Paradise
689,"Anniversary Party, The"
689,"Dilemma, The"
689,Flesh and Bone
689,30 Days of Night
690,"Big Hit, The"
690,Cold Comes the Night
690,Conan the Barbarian
690,New Jersey Drive
690,Snow White
691,Courier
691,Taxi
691,In the Land of Women
691,Hero
692,Paradise Lost 3: Purgatory
692,RoboCop
692,Tuesdays with Morrie
692,The Clapper
692,Rebound
692,Center Stage
692,Masterminds
693,This So-Called Disaster
693,Craig Ferguson: Tickle Fight
693,Morvern Callar
693,Generation P
693,"Animal, The"
693,"Big Bird Cage, The"
694,"Angels' Share, The"
695,Into the Abyss
695,ParaNorman
696,"Campaign, The"
696,"Roaring Twenties, The"
696,Last Action Hero
696,Life with Father
697,Leprechaun 3
697,Spy Hard
698,Motel Hell
698,Wrong Turn
698,Sex and the City
698,Heidi Fleiss: Hollywood Madam
698,The Fate of the Furious
699,John Wick: Chapter Two
699,Hard Promises
699,"Godfather: Part II, The"
699,"Battle of Shaker Heights, The"
700,Making Mr. Right
700,Nowitzki: The Perfect Shot
700,Fearless
700,Night of the Living Dead
700,"Scalphunters, The"
700,Dolls
700,White Christmas
700,When the Levees Broke: A Requiem in Four Acts
701,"Man Who Wasn't There, The"
701,Drop Dead Fred
702,Crossfire
702,"Handmaid's Tale, The"
702,Gandhi
702,Ernest Goes to Camp
702,"Play It Again, Sam"
703,Peter Pan
704,Dave Chappelle: For What it's Worth
704,Contraband
704,Amityville: Dollhouse
704,Stroszek
704,Save the Last Dance
704,"Inspector General, The"
704,Secret Window
705,Bottle Rocket
705,Immortals
705,"Rules of Attraction, The"
705,That's Entertainment
705,Kinky Boots
705,In America
705,"Nativity Story, The"
705,Theremin: An Electronic Odyssey
706,Dredd
706,The Big Bus
706,Only Angels Have Wings
707,This Is the End
708,"Animatrix, The"
708,Cops and Robbersons
708,Spy Game
708,Memories of Me
708,"Run of the Country, The"
709,Song of the Sea
709,National Security
709,Jungle Fever
709,With Six You Get Eggroll
709,Five Easy Pieces
709,Three O'Clock High
709,Hilary and Jackie
710,No Holds Barred
711,Meshes of the Afternoon
711,Phantasm III: Lord of the Dead
711,The Way
711,Bait
711,World of Tomorrow
712,David Cross: Making America Great Again
712,My Favorite Year
713,"Proposal, The"
713,Leap of Faith
713,Let's Get Harry
714,Little Ashes
714,The Raid: Redemption
715,Christine
715,"Master of Disguise, The"
715,"Skeleton Key, The"
716,Planet Terror
716,Paper Clips
716,Howling II: Your Sister Is a Werewolf
716,Bad Moms
716,Big Night
716,Blue Juice
716,Dead Again
718,Four Christmases
718,Land Before Time III: The Time of the Great Giving
718,Dark Days
718,Children of the Damned
718,"Buddy Holly Story, The"
719,Confidential Report
719,Man on Wire
719,LOL
719,Trailer Park Boys
720,Iron Eagle II
721,Winchester '73
721,Paradise Road
721,Blue Mountain State: The Rise of Thadland
721,Meet the Fockers
721,Osmosis Jones
721,Emma
722,The Angry Birds Movie
723,Plunkett & MaCleane
724,The Last Witch Hunter
724,Greedy
724,Charly
724,Ice Cream Man
724,Kids in the Hall: Brain Candy
724,Man's Best Friend
725,Trapped in Paradise
725,"Color Purple, The"
725,Starship Troopers
725,Saboteur
725,Penn & Teller Get Killed
725,Delivery Man
725,Dolores Claiborne
725,Haunted Honeymoon
726,"Fugitive, The"
726,"World's Fastest Indian, The"
726,Ernest Scared Stupid
726,Charlie Countryman
727,Dickie Roberts: Former Child Star
727,"Island of Dr. Moreau, The"
727,Jack and Jill
727,Gentlemen Broncos
728,The Hungover Games
728,Urban Legends: Final Cut
728,AVP: Alien vs. Predator
728,Lion
729,This Is My Father
729,Stomp the Yard
729,"Five-Year Engagement, The"
729,Dawn of the Dead
729,Sweet Smell of Success
730,Hotel Transylvania
730,Beautiful People
730,Max Payne
730,Nothing to Lose
730,"Banger Sisters, The"
730,"Proposition, The"
730,"Little Girl Who Lives Down the Lane, The"
731,Sebastian Maniscalco: What's Wrong with People?
731,National Velvet
731,BlacKkKlansman
731,Ashby
731,Clockers
732,Barb Wire
732,Beaches
732,Paper Moon
732,Clay Pigeons
732,Mortal Kombat: The Journey Begins
733,Jane Eyre
733,"Woods, The"
733,Blue Car
733,Date and Switch
733,Side Effects
733,Krabat
733,Twin Falls Idaho
733,Harry Potter and the Goblet of Fire
734,"Punisher, The"
734,Inspector Gadget
734,Malèna
734,Sweet Dreams
734,Knockin' on Heaven's Door
734,"Collector, The"
735,Bad Santa
735,Akeelah and the Bee
735,"Tuskegee Airmen, The"
735,The Death of Stalin
735,"Girl Walks Home Alone at Night, A"
735,Everything Is Illuminated
735,King Kong
737,Big Hero 6
738,Prefontaine
738,"Thin Man, The"
738,"Knot, The"
738,Hope Springs
738,Texas - Doc Snyder hält die Welt in Atem
738,Tyrannosaur
738,Die Hard
738,Anti-Social
738,Logan
739,Doubt
739,True Stories
739,The Finest Hours
739,Waiting to Exhale
739,"Painted Veil, The"
740,"Shipping News, The"
740,Lockout
740,Prelude to a Kiss
740,Ginger Snaps
741,Smashed
741,Boccaccio '70
741,Eye of the Beholder
741,Daybreakers
741,Austin Powers: The Spy Who Shagged Me
742,True Romance
742,Grass
744,Ice Age: Dawn of the Dinosaurs
744,Louis C.K.: Hilarious
744,Straight Outta Compton
744,Deadpool
744,Slither
744,"Odd Couple II, The"
745,Up
745,Perfume: The Story of a Murderer
745,'71
745,Cake
745,"Brothers McMullen, The"
745,Red Tails
747,There Will Be Blood
747,Chef
747,At First Sight
747,Paper Man
748,Knockin' on Heaven's Door
748,Pumpkin
748,Pineapple Express
748,Heidi Fleiss: Hollywood Madam
748,Into Eternity
748,Secret Agent
748,"Walk on the Moon, A"
748,"Ice Storm, The"
749,Threesome
749,Gigi
749,Harold and Kumar Go to White Castle
749,Cooties
749,9/11
750,The Magic Ring
750,Midway
751,Ghost in the Shell: Solid State Society
751,Painted Skin
752,Kazaam
752,Humanoids from the Deep
752,"Devil's Rejects, The"
752,Son of a Gun
753,"This World, Then the Fireworks"
753,How To Change The World
753,Kill the Irishman
754,"Nightmare on Elm Street 4: The Dream Master, A"
754,Romance
754,"Octagon, The"
754,First Sunday
755,Friends with Money
755,Beastly
755,Julia
755,"Curse of Frankenstein, The"
756,"Cowboy Way, The"
756,"Beast Within, The"
756,Bunny
756,"Lone Ranger, The"
756,"Browning Version, The"
756,That Munchhausen
756,"Passion of the Christ, The"
756,Casanova
756,Bootleggers
757,Congo
757,Life as a House
757,"Sixth Sense, The"
758,How to Make Love to a Woman
758,"Funeral, The"
758,"Family, The"
760,Sudden Impact
760,"Rugrats Movie, The"
761,"Babadook, The"
761,Father Goose
761,"Avengers, The"
761,"Bigger, Stronger, Faster*"
761,"Mist, The"
761,Mulholland Dr.
762,"Yes Men Fix the World, The"
762,Clerks
762,Whatever
762,Cujo
762,"Outsiders, The"
762,127 Hours
762,"Meteor Man, The"
762,Surf Nazis Must Die
762,The Wolfpack
763,Against All Odds
763,"Sting, The"
763,Bitter Lake
763,Hot Tub Time Machine
763,Mom's Night Out
763,Harrison's Flowers
764,Matewan
764,Norbit
764,The Diary of Anne Frank
764,RoboCop
764,"Peacemaker, The"
765,Phantom of the Paradise
765,Hype!
765,Are We Done Yet?
765,Boxing Helena
765,Jaws 3-D
766,Mother!
766,"Station Agent, The"
766,"Searchers, The"
766,White Men Can't Jump
766,Dune
766,Animal Crackers
766,"Marine, The"
766,Miss Congeniality 2: Armed and Fabulous
766,Friday the 13th
767,Premonition
767,Another Gay Movie
768,Meshes of the Afternoon
769,Generation War
769,American Heist
769,Death Smiles on a Murderer
769,Dr. No
769,Super Size Me
769,Watchmen: Tales of the Black Freighter
769,Dirty 30
770,Blackadder's Christmas Carol
770,Karate Bullfighter
770,Bugsy Malone
770,Talladega Nights: The Ballad of Ricky Bobby
771,Old Yeller
772,Lawnmower Man 2: Beyond Cyberspace
773,Fail-Safe
773,Notting Hill
773,Kevin Hart: I'm a Grown Little Man
774,Before Midnight
774,Viridiana
774,Brave New World
775,High School
775,Mind Game
775,Entrapment
775,Snowden
775,Garam Masala
777,Mission: Impossible
777,Nightwatch
777,Aladdin
778,And Now... Ladies and Gentlemen...
778,Young Guns
778,Dragon: The Bruce Lee Story
778,Scary Movie 2
778,Little Dieter Needs to Fly
779,Nightbreed
779,Love at First Bite
779,Trust
780,"Dangerous Method, A"
780,"Asphalt Jungle, The"
780,The Neon Demon
780,Armageddon
780,Pretty Woman
780,Kissing Jessica Stein
781,Ikiru
781,"Door in the Floor, The"
781,Surviving the Game
781,"Den, The"
782,Dracula
782,Meet John Doe
782,Human Traffic
782,Pirates of Silicon Valley
782,"Cell, The"
782,George Carlin: Back in Town
783,Ghost Graduation
784,Standoff
784,"Babe, The"
785,Jason and the Argonauts
785,"Killers, The"
785,My Stepmother Is an Alien
786,Idiocracy
786,Love Actually
786,Anna Karenina
786,Balls Out: Gary the Tennis Coach
786,The Hairdresser
786,Teeth
787,Cop and ½
787,Primer
787,The Flash 2 - Revenge of the Trickster
787,Leviathan
787,"Summer Place, A"
787,Blair Witch
788,Cobb
788,Cloudy with a Chance of Meatballs
788,"Parent Trap, The"
788,Wrong Turn
788,Couples Retreat
788,Hot Pursuit
788,Rango
788,Big Trouble
789,Back to the Future Part II
789,Copenhagen
789,Metropolis
789,Demolition
791,Fire Down Below
791,Welcome to Dongmakgol
791,School of Rock
791,Highway 61
791,Children of the Corn III
791,Air Bud
792,Dead Meat
792,"Big One, The"
792,Ask the Dust
792,The Survivalist
792,Miracle Mile
793,"Beach, The"
793,Carlito's Way
793,Black Panther
793,Yongary: Monster from the Deep
793,Speed 2: Cruise Control
793,Crimes and Misdemeanors
793,Iron Sky
795,Alaska
795,The Duke of Burgundy
795,"Great Race, The"
795,"Purge: Anarchy, The"
795,Don Juan DeMarco
795,Pork Chop Hill
795,Predator
796,Undercover Brother
796,Fool's Gold
796,Legion
796,In & Out
797,"Princess Diaries 2: Royal Engagement, The"
797,Beat Street
797,Six-String Samurai
797,Barb Wire
797,Ravenous
797,Predator
798,Club Dread
798,Maleficent
799,Ringu 0: Bâsudei
799,Start the Revolution Without Me
799,Madagascar: Escape 2 Africa
799,"Browning Version, The"
799,The House
800,Ray
800,My Stepmother Is an Alien
800,Battle for Haditha
800,"Crazies, The"
800,Hannibal
800,Beauty Shop
801,"Lot Like Love, A"
801,Milk and Honey
801,Best of the Best
802,The Meyerowitz Stories
802,"Perfect Score, The"
802,Superman IV: The Quest for Peace
802,Twelfth Night
803,Rude Boy
803,"Mambo Kings, The"
803,Wild Wild West
803,"Matrix Reloaded, The"
803,Buffalo Soldiers
803,Gleaming the Cube
803,Christmas in Connecticut
804,Beverly Hills Cop II
804,Amazing Grace
804,Cliffhanger
804,Prime
804,"Man from Earth, The"
804,"Mummy, The"
804,Underground
805,"Prairie Home Companion, A"
805,Boiler Room
805,Texas Rangers
805,"Four Musketeers, The"
805,Dampfnudelblues
806,The Second Best Exotic Marigold Hotel
806,Little Women
806,At Close Range
806,Kill the Irishman
807,"Big Red One, The"
807,Spy Kids 2: The Island of Lost Dreams
808,"Nine Lives of Tomas Katz, The"
808,Touch of Evil
808,Hunger
808,Starter for 10
808,Feeling Minnesota
808,Rock-A-Doodle
808,"Lone Ranger, The"
809,"Time Machine, The"
809,"Endurance: Shackleton's Legendary Antarctic Expedition, The"
810,Dangerous Minds
810,"English Teacher, The"
810,Kill the Irishman
810,Meshes of the Afternoon
810,Captain America: The First Avenger
810,Ghost
810,Voyage to the Bottom of the Sea
810,"Girl, Interrupted"
811,Merci Patron !
811,Meet John Doe
811,The Salt of the Earth
811,Party Monster
811,Partly Cloudy
811,Psycho Beach Party
812,"Uninvited, The"
812,"Devil Wears Prada, The"
812,"Kiss Me, Stupid"
813,Extreme Days
813,Castle Freak
813,"Mighty Ducks, The"
814,Blind Fury
814,The Bremen Town Musicians
814,"Bay, The"
814,"Muppet Movie, The"
814,Quest for Camelot
816,Elsa & Fred
816,Gulliver's Travels
816,Neighbors
816,Best Men
816,Idle Hands
817,Predestination
817,Four Lions
817,Alpha and Omega 3: The Great Wolf Games
817,"Krays, The"
817,I Heart Huckabees
817,Lust for Life
818,"Ides of March, The"
818,Operation Petticoat
818,Red
818,Experimenter
818,A.I. Artificial Intelligence
819,Wonder Boys
819,Manderlay
819,"Thin Man Goes Home, The"
820,"River Runs Through It, A"
820,Crossfire
820,Jupiter's Wife
821,"Man from Earth, The"
821,Rear Window
821,Battle for the Planet of the Apes
821,Trapped in Paradise
821,Germinal
821,The Return of Don Camillo
821,Twin Falls Idaho
822,The Diary of Anne Frank
822,Stalingrad
823,Harry Potter and the Deathly Hallows: Part 2
823,Leprechaun 3
823,Elsa & Fred
823,Catch Me If You Can
823,Stay
824,"Namesake, The"
824,Frankenstein Must Be Destroyed
824,Parental Guidance
825,"Black Stallion Returns, The"
825,Hyde Park on Hudson
825,"Goofy Movie, A"
825,Exte: Hair Extensions
825,Journey to the Center of the Earth
826,House of Wax
826,Nuremberg
826,Shutter Island
826,"Order, The"
826,"Living Daylights, The"
826,"Best Little Whorehouse in Texas, The"
826,Boy
827,Good Time
827,Band of the Hand
828,Born to Be Wild
829,Anywhere But Here
830,Remember the Titans
830,Click
830,"Brothers Solomon, The"
830,Bewitched
830,The Deadly Bees
831,"Simple Plan, A"
831,Mo
831,Manic
831,Taxi 4
833,Final Destination 5
833,Serpico
833,Ghosts of Mississippi
833,Undertow
833,"Scalphunters, The"
834,"Passage to India, A"
834,Money Train
834,Invincible Shaolin
834,"It's a Mad, Mad, Mad, Mad World"
834,Meantime
834,"Damned United, The"
834,The Little World of Don Camillo
835,Ferdinand
835,Fight Club
835,Cheech and Chong's Up in Smoke
835,Secret in Their Eyes
835,Perfect
837,Mind Game
837,Northwest Passage
837,"Glenn Miller Story, The"
837,Tristram Shandy: A Cock and Bull Story
837,Tigerland
837,Transformers: The Movie
838,Friday the 13th
838,"Music Man, The"
838,Rise of the Guardians
838,Over the Hedge
838,Herbie Goes Bananas
838,Escape From Tomorrow
838,Ronin
838,Baby Boy
839,Libeled Lady
839,"American Werewolf in London, An"
839,"Thousand Words, A"
839,Love at First Bite
839,Beavis and Butt-Head Do America
839,John Q
839,Fifty Shades Darker
839,Topkapi
840,"Strada, La"
840,Desierto
840,Better Off Dead...
840,The Tale of the Bunny Picnic
840,School for Scoundrels
841,Into the Woods
841,Seven Sisters
841,Wonderland
841,Chinatown
842,Paper Heart
842,Hard Target
843,"Namesake, The"
843,The D Train
844,Erin Brockovich
844,Armed and Dangerous
844,Blood Simple
844,Boogeyman
845,G-Force
845,"Den, The"
846,"Glass House, The"
846,5 to 7
846,Long Live Ghosts!
846,Three O'Clock High
846,Stalker
846,Scream
846,Righteous Kill
847,U2: Rattle and Hum
847,Coma
849,Blair Witch
849,Male Hunt
850,The Great Train Robbery
850,"Simple Twist of Fate, A"
850,Lost in the Sun
850,Gotti
850,Battle in Seattle
851,Quest for Camelot
851,Hamlet
851,Bad Boy Bubby
851,Red Corner
851,The Lair of the White Worm
852,"Times of Harvey Milk, The"
852,In the Army Now
852,Used People
852,Tarnation
852,"Mouse That Roared, The"
852,Dear Frankie
852,"Turning Point, The"
853,Meatballs
854,That Touch of Mink
854,Young Guns
854,Mr. Deeds Goes to Town
854,Somers Town
855,Eastern Promises
855,Friends with Money
855,Dead Ringers
855,Red River
855,Neo Tokyo
855,"Battle of Shaker Heights, The"
855,Paddington 2
856,Beauty and the Beast: The Enchanted Christmas
856,Jump Tomorrow
856,"Bell, Book and Candle"
856,"Rundown, The"
856,Night at the Museum
856,Hero
857,Empire
857,Meet the Feebles
857,"Devil's Rejects, The"
857,"Campaign, The"
857,Slow West
859,Farewell to the King
859,Cigarette Burns
859,Grease Live
859,Harvey
859,"Conversation, The"
859,Goon: Last of the Enforcers
859,The Infiltrator
860,Child's Play 3
860,Idaho Transfer
860,"Naked Gun: From the Files of Police Squad!, The"
860,Across the Universe
860,A Midsummer Night's Dream
860,Herbie Goes Bananas
860,Syriana
861,Pollyanna
861,Crime and Punishment in Suburbia
861,Ringu 0: Bâsudei
861,"Weather Underground, The"
861,Codependent Lesbian Space Alien Seeks Same
863,Libeled Lady
863,Session 9
863,Serpico
863,Righteous Kill
863,The Huntsman Winter's War
864,"Little Girl Who Lives Down the Lane, The"
864,Creed
864,Taken
865,Blood: The Last Vampire
865,"Skulls, The"
865,Bread and Roses
865,Lawless
865,Simpatico
865,Anna and the King
866,Raise the Titanic
866,Hunting Elephants
866,Defiance
866,"Stunt Man, The"
866,Mimic
867,The Meddler
867,Lost & Found
867,Monster-in-Law
867,Obsession
868,AVPR: Aliens vs. Predator - Requiem
869,"Private Eyes, The"
869,Ed
869,Days of Wine and Roses
869,"Omega Code, The"
869,10th & Wolf
870,Monday
870,"Others, The"
870,Wonder Boys
871,Creep 2
871,Fire in the Sky
871,Darkman
871,High Sierra
871,Wait Until Dark
871,The Wait
871,"Shadow, The"
871,Inland Empire
872,Music From Another Room
872,Outfoxed: Rupert Murdoch's War on Journalism
872,Stigmata
872,Confessions of a Dangerous Mind
872,Son of a Gun
872,Pump Up the Volume
873,Black Hawk Down
873,What a Girl Wants
875,Zabriskie Point
875,Even Cowgirls Get the Blues
875,Aileen: Life and Death of a Serial Killer
875,"Santa Clause, The"
875,Another Thin Man
875,Pretty in Pink
875,Sister Act
876,Hedwig and the Angry Inch
876,Charade
876,"X-Files: Fight the Future, The"
876,Adaptation
876,Pollock
876,Grabbers
876,"New York, I Love You"
876,Twelfth Night
877,22 Jump Street
877,DC Super Hero Girls: Hero of the Year
877,Mom and Dad Save the World
877,Cinderella
877,2 Days in Paris
878,"Golden Bowl, The"
878,Matewan
878,"Phantom, The"
878,Crossing Over
878,Like Mike
878,Stalag 17
879,Avengers: Age of Ultron
879,"One I Love, The"
880,"Rugrats Movie, The"
880,Fire in the Sky
880,Perfect Sense
880,"Hurt Locker, The"
880,"Taming of the Shrew, The"
881,"Rocky Horror Picture Show, The"
881,Blackadder's Christmas Carol
881,Major League: Back to the Minors
881,Alaska
881,"Exorcist, The"
881,Grease Live
881,"Shawshank Redemption, The"
881,"Insider, The"
883,1776
883,Extremities
883,Cargo
883,Gotcha!
883,Rollercoaster
883,Winnie the Pooh and the Blustery Day
884,Godzilla
884,The Monkey King
884,"Simpsons Movie, The"
884,Sherlock Holmes: Terror by Night
884,Maggie
884,Knocked Up
884,Tsotsi
884,Dirty Dancing
884,My Life
885,Friday the 13th Part VI: Jason Lives
885,Saw
885,Normal Life
885,"Hello, Dolly!"
886,Tortilla Soup
886,Iron Soldier
886,Too Funny to Fail: The Life and Death of The Dana Carvey Show
887,"Station Agent, The"
887,Geostorm
888,"Smurfs 2, The"
888,Fright Night
888,Stalingrad
888,Clockstoppers
888,"NeverEnding Story, The"
888,Metallica: Some Kind of Monster
888,"Kid Stays in the Picture, The"
889,Funny Games
889,"Graduate, The"
891,"Bucket Of Blood, A"
891,Ship of Fools
891,Dick Tracy
891,Buffalo Soldiers
891,Judgment Night
893,Heima
893,Quick Change
894,Monsieur Verdoux
894,"Midsummer Night's Sex Comedy, A"
894,Comedy Central Roast of James Franco
894,Sweet and Lowdown
894,Child's Play
895,Inkheart
895,Breaking Away
896,Father of the Bride
896,Don't Say a Word
896,Crooklyn
897,Dad
898,Spiral
898,Imagine Me & You
898,"Master, The"
898,"Perfect Score, The"
898,The Danish Girl
899,Chicago
899,Rapid Fire
899,"Topo, El"
899,"Order, The"
899,Ghost in the Shell: Stand Alone Complex - The Laughing Man
899,"Corrina, Corrina"
899,"Loss of Sexual Innocence, The"
899,Heartburn
900,Reno 911!: Miami
900,"Fiendish Plot of Dr. Fu Manchu, The"
901,Teaching Mrs. Tingle
902,In the Bleak Midwinter
902,"Untouchables, The"
902,Looper
902,Smiling Fish and Goat on Fire
902,Being There
902,RV
902,Cosmo
902,"Burrowers, The"
902,"Immigrant, The"
903,Cats & Dogs
903,"Visit, The"
903,"Big Doll House, The"
903,Tsotsi
903,Pusher III: I'm the Angel of Death
904,Night Shift
904,Mission: Impossible II
904,Pumpkin
905,Birdemic: Shock and Terror
906,Bangkok Dangerous
906,Felon
907,Eddie Murphy Raw
907,Tango
907,He Never Died
908,Gallipoli
909,House of Wax
909,"Party, The"
909,Goodbye Charlie
909,What If
909,Sweet Home Alabama
909,"Object of Beauty, The"
909,Wit
910,Slow Learners
910,Savannah Smiles
910,What's Eating Gilbert Grape
910,JFK
910,Triumph of the Spirit
910,964 Pinocchio
910,When in Rome
911,Stingray Sam
911,Reptilicus
911,"F*ck You, Goethe 2"
911,"Commitments, The"
911,Sabrina
911,"Apple Dumpling Gang Rides Again, The"
911,Scanners
912,Mad City
912,Drinking Buddies
912,"Rum Diary, The"
912,Two for the Money
912,I Origins
912,Taxi 3
913,"Incredibly True Adventure of Two Girls in Love, The"
913,Just One of the Guys
913,10
913,Frosty the Snowman
915,"Bodyguard, The"
915,Wallace & Gromit: A Close Shave
915,"Bucket List, The"
915,Friday Night Lights
915,After Earth
918,A Million Ways to Die in the West
918,Cast Away
918,Yentl
918,Happy Birthday to Me
920,Down by Law
921,Deadpool
922,Seeking Justice
922,"Good German, The"
922,Vanity Fair
922,O
922,I Saw What You Did
923,Vampire Hunter D
923,My Favorite Martian
923,This Is My Father
923,Dreamgirls
923,Speed 2: Cruise Control
923,Spy Hard
923,"Grey Zone, The"
923,Manchester by the Sea
924,Frankenstein
924,Funny Farm
924,Bridge of Spies
924,9/11
924,Latter Days
924,Thor
924,Affliction
925,RoboCop 3
926,Batman Beyond: Return of the Joker
926,"Simple Wish, A"
926,"Dish, The"
926,"Blind Side, The "
926,Nick Fury: Agent of S.H.I.E.L.D.
926,"Union: The Business Behind Getting High, The"
926,Eichmann
926,Kazaam
926,Prince of Darkness
927,Eye in the Sky
927,Up at the Villa
928,Chaos
928,Lakeview Terrace
928,Angels with Dirty Faces
928,"Cincinnati Kid, The"
928,Waco: The Rules of Engagement
928,Manhattan
928,Johnny English Reborn
928,Homefront
929,"Perfect Man, The"
929,Making a Murderer
929,Cake
929,Elizabethtown
929,Housebound
929,Escape from the Planet of the Apes
929,"Mummy, The"
930,"Thirteenth Floor, The"
930,Erik the Viking
930,Merry Madagascar
930,Rocket Science
930,Heaven Can Wait
930,"Summer Place, A"
930,Mamma Mia!
931,Private Parts
931,"Life Aquatic with Steve Zissou, The"
931,Dylan Moran: Monster
931,Igor
931,Miami Blues
931,Ice Princess
931,Alesha Popovich and Tugarin the Dragon
932,Control
932,"Eye for an Eye, An"
932,Notting Hill
933,Tender Mercies
933,"Girl, Interrupted"
933,Universal Soldier
933,Only Angels Have Wings
933,Rough Magic
933,100 Girls
933,Dinner for Schmucks
934,Bulletproof Monk
934,Without a Clue
934,Stage Fright
934,"War of the Worlds, The"
934,Another 48 Hrs.
935,Absence of Malice
935,"Knot, The"
935,Cocoon
935,Run All Night
935,I Am Number Four
935,Willard
935,"Scarlet Letter, The"
935,I Love You Again
936,St. Elmo's Fire
936,Dragon: The Bruce Lee Story
936,"Secret Policeman's Other Ball, The"
937,Babylon A.D.
937,Planet 51
938,Living in Oblivion
938,"Miracle of Morgan's Creek, The"
938,Knockin' on Heaven's Door
938,42 Up
938,Airport '77
938,Kung Fury
939,"Princess Diaries, The"
939,Paradise Lost 2: Revelations
940,Chuck & Buck
940,Yojimbo
940,Where the Money Is
940,"Jackal, The"
940,The Purple Sea
940,Beyond the Sea
940,Salmon Fishing in the Yemen
940,Comic-Con Episode IV: A Fan's Hope
941,Reality
941,Snow White
943,Let Me In
943,Entourage
943,Super High Me
943,Ghostbusters
944,In the Loop
945,No Reservations
945,"American Werewolf in London, An"
945,"Atalante, L'"
945,Taken 2
945,Eastern Promises
945,"Mechanic, The"
945,Long Night's Journey Into Day
946,"Blob, The"
946,You Again
946,Catch-22
946,Kind Hearts and Coronets
946,"Portrait of a Lady, The"
947,Doubt
947,Apt Pupil
947,August Rush
947,The Shallows
947,"Town, The"
947,Back to School
947,The Punisher: Dirty Laundry
947,Ink
947,"Princess Diaries, The"
948,"Joneses, The"
950,Reform School Girls
950,"Thin Blue Line, The"
950,RoboCop
950,"Real Blonde, The"
950,Other People's Money
951,Jersey Boys
951,Heavy Metal 2000
951,Fresh
951,"Next Best Thing, The"
951,Dark Passage
951,City Island
951,"People vs. Larry Flynt, The"
951,Agent Cody Banks
952,BlacKkKlansman
952,"As Above, So Below"
952,Before Night Falls
952,Ninotchka
952,Dear God
953,Little Monsters
953,Crocodile Dundee in Los Angeles
953,Futureworld
953,Death of a Salesman
953,John Adams
953,Virtuosity
954,eXistenZ
954,Underworld: Awakening
954,Clear and Present Danger
954,"Boy Who Could Fly, The"
954,"Long, Hot Summer, The"
955,Ratatouille
956,Analyze That
956,Steve Jobs
957,Anna Karenina
957,Blade Runner 2049
958,"Definitely, Maybe"
958,Show Boat
958,This Film Is Not Yet Rated
958,Transformers: The Movie
959,"Thief of Bagdad, The"
959,"American Carol, An"
959,"Dancer Upstairs, The"
959,How High
959,Solo: A Star Wars Story
959,"Dam Busters, The"
959,People I Know
960,Love at First Bite
960,Irrational Man
960,Bound
961,Sherlock - A Study in Pink
963,Down Argentine Way
963,"Cheap Detective, The"
963,Reign of Fire
963,Devil Dog: The Hound of Hell
964,"Brothers Grimm, The"
964,Secrets & Lies
964,Filth
964,Rango
964,"Howling, The"
964,Walkabout
964,His Girl Friday
964,Bridget Jones's Diary
965,All Quiet on the Western Front
965,This Is Where I Leave You
965,WarGames
965,Penguins of Madagascar
965,Raining Stones
966,"Sandpiper, The"
966,George Washington
966,Human Planet
966,"Lone Ranger, The"
966,Ice Princess
966,Tootsie
966,London Boulevard
967,"Hudsucker Proxy, The"
967,Why Stop Now
968,Anne of the Thousand Days
968,Guarding Tess
968,Teenage Mutant Ninja Turtles: Turtles Forever
968,North Country
968,Body Double
968,Taken 2
968,Atlantis: The Lost Empire
969,Arizona Dream
969,Two if by Sea
970,Creep
971,Shane
973,For the Bible Tells Me So
973,Jumanji
973,Amadeus
973,Survivor
973,She's the One
973,Erik the Viking
973,"Rocketeer, The"
974,After the Sunset
974,Runaway Train
974,Green Card
974,"Party, The"
974,"Spirit, The"
974,Osmosis Jones
974,Grease Live
975,She-Devil
975,Dog Day Afternoon
975,"Fighting Temptations, The"
975,Return from Witch Mountain
975,"Maltese Falcon, The"
975,"Adventures of Robin Hood, The"
975,Barcelona
976,Lost in the Sun
976,Forever Young
976,Eden Lake
976,"Clan of the Cave Bear, The"
976,Greed
976,Rebecca
977,Jeff Ross Roasts Criminals: Live at Brazos County Jail
977,Twin Peaks: Fire Walk with Me
977,King Arthur
977,To Sir with Love
978,Carlito's Way
978,In the Bedroom
978,Blue Ruin
980,Observe and Report
980,Manchester by the Sea
980,Milk Money
980,Body of Evidence
980,Funny Bones
980,Performance
981,Eddie
982,"Salvation, The"
982,Someone Marry Barry
982,North & South
982,Biggles
982,Harry and the Hendersons
982,Point of No Return
983,Violets Are Blue...
983,Slasher
983,Karlson Returns
983,Zoolander 2
983,13 Tzameti
983,Easy A
984,My Own Private Idaho
984,Blue Jasmine
984,Stretch
984,Assassination Tango
984,Mimic
984,In Bruges
985,Jane Austen's Mafia!
985,Shoot 'Em Up
986,"Monsters, Inc."
986,Rushmore
986,Office Romance
986,Heart Condition
987,Never Say Never Again
987,Garden State
987,Zipper
987,L.I.E.
987,Big Hero 6
987,Partly Cloudy
987,Cutter's Way
988,Carnal Knowledge
988,Babylon 5: Thirdspace
988,"Perfect Murder, A"
988,Magnolia
988,Advise and Consent
988,00 Schneider - Jagd auf Nihil Baxter
988,Buster's Mal Heart
989,Babylon 5: Thirdspace
989,Avengers: Infinity War - Part I
990,Ran
990,Sicko
990,Chef
990,Hud
990,Hell Night
992,"Calcium Kid, The"
992,"In Crowd, The"
992,Michael Collins
992,"Broken Hearts Club, The"
992,"Prophecy, The"
992,Camelot
992,Tales of Manhattan
992,Alfie
993,Darkman
993,Sugar & Spice
993,Forever Young
993,Howl
993,"Importance of Being Earnest, The"
993,10th & Wolf
993,"Killers, The"
993,Titicut Follies
994,Please Don't Eat the Daisies
994,The Expendables 3
994,"Art of Getting By, The"
994,Domino
996,Breathe
996,Old School
996,"Steal Big, Steal Little"
996,"United States of Leland, The"
996,Baby's Day Out
996,My Scientology Movie
996,December Boys
996,"Atomic Cafe, The"
997,Rocky V
998,In Like Flint
998,Prison Break: The Final Break
998,Puss in Boots: The Three Diablos
998,How to Make Love Like an Englishman
999,"Thin Line Between Love and Hate, A"
999,Sex Tape
999,"Assassination of Jesse James by the Coward Robert Ford, The"
999,Homeward Bound: The Incredible Journey
999,She-Devil
999,Death Note Rewrite: Genshisuru Kami
999,Bachelor Party
